date,EGT1,EGT2,EGT3,EGT4,EGT5,EGT6,CHT1,CHT2,CHT3,CHT4,CHT5,CHT6,OAT,FF,RPM,HOURS,EGT_MEAN,CHT_MEAN,SECONDS,ID
2022-05-04 17:28:40,543.33,540.0,525.0,547.78,527.22,568.33,36.67,33.33,36.67,35.56,28.89,36.67,53,48,768,6574,536.6659999999999,35.557500000000005,0,224
2022-05-04 17:28:46,543.89,538.89,531.11,549.44,531.67,575.56,38.33,35.56,38.89,37.78,31.11,38.33,52,48,1004,6574,539.0,37.64,6,224
2022-05-04 17:28:52,545.56,537.78,533.89,555.0,535.56,570.56,40.56,37.78,40.56,40.0,33.33,40.56,52,49,982,6574,541.558,39.725,12,224
2022-05-04 17:28:58,545.0,543.33,538.33,560.56,540.0,578.89,42.22,39.44,42.78,41.67,35.56,42.22,51,49,985,6574,545.444,41.5275,18,224
2022-05-04 17:29:04,549.44,549.44,542.78,560.56,543.33,572.78,44.44,41.67,45.0,43.89,37.78,43.89,51,49,982,6574,549.11,43.75,24,224
2022-05-04 17:29:10,549.44,550.56,549.44,562.78,543.89,583.89,46.11,43.89,46.67,45.56,40.0,45.56,51,48,994,6574,551.222,45.557500000000005,30,224
2022-05-04 17:29:16,552.78,555.56,547.78,567.22,549.44,585.0,47.78,45.56,48.33,47.78,41.67,47.78,51,48,1003,6574,554.556,47.362500000000004,36,224
2022-05-04 17:29:22,557.78,556.67,545.0,568.89,551.11,586.67,49.44,47.78,50.56,49.44,43.33,49.44,51,48,1010,6574,555.89,49.305,42,224
2022-05-04 17:29:28,562.78,560.0,548.33,570.56,550.0,590.0,51.11,49.44,52.22,51.11,45.0,51.11,51,49,1001,6574,558.3340000000001,50.97,48,224
2022-05-04 17:29:34,562.78,560.56,546.67,572.78,552.78,593.89,52.78,51.11,53.89,52.78,46.67,52.22,50,49,1004,6574,559.1139999999999,52.64,54,224
2022-05-04 17:29:40,567.22,564.44,550.56,575.0,553.89,597.22,54.44,52.78,55.56,54.44,48.89,53.89,50,48,1005,6574,562.222,54.305,60,224
2022-05-04 17:29:46,568.89,564.44,553.33,574.44,557.22,597.22,55.56,54.44,57.22,56.11,50.56,55.56,50,49,1012,6574,563.664,55.832499999999996,66,224
2022-05-04 17:29:52,571.67,563.89,555.56,576.67,561.67,600.0,57.22,56.11,58.89,57.22,51.67,56.67,50,49,1005,6574,565.892,57.36,72,224
2022-05-04 17:29:58,571.67,566.67,561.11,577.22,562.22,598.33,58.89,57.78,60.56,58.89,53.33,57.78,50,48,1011,6574,567.778,59.03,78,224
2022-05-04 17:30:04,571.11,567.22,564.44,577.78,562.78,602.78,60.0,59.44,62.22,60.0,55.0,59.44,50,49,1019,6575,568.6659999999999,60.415,84,224
2022-05-04 17:30:10,573.33,568.33,565.0,580.0,567.78,594.44,61.67,60.56,63.33,61.67,56.11,60.56,50,50,1017,6575,570.8879999999999,61.807500000000005,90,224
2022-05-04 17:30:16,575.56,570.0,561.67,579.44,569.44,601.11,62.78,62.22,65.0,62.78,57.78,61.67,50,49,1023,6575,571.222,63.195,96,224
2022-05-04 17:30:22,573.33,570.56,561.11,583.33,568.33,602.78,63.89,63.33,66.67,64.44,59.44,62.78,50,49,1029,6575,571.332,64.5825,102,224
2022-05-04 17:30:28,576.11,569.44,565.56,582.22,570.0,600.56,65.56,65.0,67.78,65.56,60.56,63.89,50,49,1043,6575,572.6659999999999,65.975,108,224
2022-05-04 17:30:34,576.67,575.56,566.11,582.78,570.56,600.0,66.67,66.11,68.89,66.67,61.67,65.0,51,49,1032,6575,574.336,67.08500000000001,114,224
2022-05-04 17:30:40,576.11,573.33,567.78,585.0,572.22,601.67,67.78,67.22,70.56,67.78,62.78,66.11,51,49,1032,6575,574.8880000000001,68.33500000000001,120,224
2022-05-04 17:30:46,577.22,573.33,569.44,586.11,572.22,610.0,68.89,68.89,71.67,68.89,63.89,67.22,51,48,1037,6575,575.6640000000001,69.585,126,224
2022-05-04 17:30:52,580.0,573.89,567.22,584.44,573.33,607.22,70.0,70.0,72.78,70.0,65.0,68.33,51,48,1041,6575,575.7760000000001,70.695,132,224
2022-05-04 17:30:58,579.44,576.67,572.22,588.89,576.67,607.78,71.11,71.11,73.89,71.11,66.67,69.44,51,48,1046,6575,578.778,71.805,138,224
2022-05-04 17:31:04,599.44,591.67,578.89,597.22,588.89,603.89,72.22,72.22,75.0,72.22,67.78,70.56,51,62,1382,6575,591.222,72.91499999999999,144,224
2022-05-04 17:31:10,609.44,600.56,586.67,597.22,596.67,607.78,73.89,73.89,76.67,73.89,68.89,72.22,51,60,1287,6575,598.1120000000001,74.585,150,224
2022-05-04 17:31:16,600.56,591.11,578.89,595.56,587.22,611.67,75.56,75.0,78.33,75.0,70.0,73.33,51,50,1121,6575,590.668,75.9725,156,224
2022-05-04 17:31:22,593.33,583.89,575.0,595.56,576.67,606.11,76.11,76.11,79.44,76.11,71.11,74.44,51,42,923,6575,584.89,76.9425,162,224
2022-05-04 17:31:28,578.89,572.78,563.89,589.44,562.22,599.44,77.22,77.22,80.0,76.67,72.22,75.0,51,38,922,6575,573.4440000000001,77.7775,168,224
2022-05-04 17:31:34,571.67,566.67,562.78,585.56,557.22,593.33,77.78,77.78,80.56,77.22,72.78,75.56,51,37,943,6575,568.78,78.33500000000001,174,224
2022-05-04 17:31:40,570.56,563.33,563.89,581.11,553.89,596.67,78.33,78.89,81.67,78.33,73.89,76.11,50,40,960,6575,566.5559999999999,79.30499999999999,180,224
2022-05-04 17:31:46,572.78,561.67,561.11,581.67,557.22,599.44,78.89,79.44,82.22,78.89,74.44,77.22,50,38,981,6575,566.89,79.86,186,224
2022-05-04 17:31:52,572.78,562.78,560.0,579.44,558.33,595.56,80.0,80.56,83.33,80.0,75.56,77.78,50,37,1005,6575,566.6659999999999,80.9725,192,224
2022-05-04 17:31:58,571.67,564.44,561.67,577.22,557.22,597.22,80.56,81.11,83.89,80.56,76.11,78.89,50,38,992,6575,566.4440000000001,81.53,198,224
2022-05-04 17:32:04,575.56,566.11,558.89,577.78,558.89,597.78,81.11,82.22,85.0,81.67,76.67,79.44,50,37,1037,6575,567.446,82.5,204,224
2022-05-04 17:32:10,580.0,567.78,560.56,580.56,561.67,596.11,82.22,82.78,85.56,82.22,77.22,80.0,50,36,1049,6575,570.1139999999999,83.195,210,224
2022-05-04 17:32:16,580.56,570.0,561.67,582.78,563.89,595.56,82.78,83.89,86.67,82.78,77.78,81.11,50,36,1054,6575,571.78,84.03,216,224
2022-05-04 17:32:22,580.56,571.67,560.0,584.44,567.22,594.44,83.33,84.44,87.22,83.89,78.33,81.67,50,37,1053,6575,572.778,84.72,222,224
2022-05-04 17:32:28,581.67,571.67,561.11,585.56,567.22,591.67,84.44,85.56,88.33,84.44,79.44,82.22,50,36,1058,6575,573.4459999999999,85.6925,228,224
2022-05-04 17:32:34,577.78,565.56,561.11,580.0,561.11,596.11,85.0,86.11,88.89,85.56,80.0,83.33,50,37,1008,6575,569.112,86.39,234,224
2022-05-04 17:32:40,573.33,562.22,558.33,577.78,556.67,597.78,85.56,86.67,89.44,86.11,80.56,83.89,49,36,1011,6575,565.6659999999999,86.94500000000001,240,224
2022-05-04 17:32:46,575.0,561.11,559.44,576.67,557.22,593.89,86.11,87.78,90.0,86.67,81.11,83.89,49,36,1010,6575,565.8880000000001,87.64,246,224
2022-05-04 17:32:52,575.56,561.11,557.78,576.67,557.78,591.67,86.67,88.33,90.56,87.22,81.67,85.0,49,36,1013,6575,565.78,88.195,252,224
2022-05-04 17:32:58,575.56,558.33,557.22,575.0,558.89,592.22,87.22,88.89,91.67,87.78,82.22,85.56,49,36,1014,6575,564.9999999999999,88.89000000000001,258,224
2022-05-04 17:33:04,567.78,548.89,551.67,572.22,546.67,586.67,87.78,89.44,92.22,88.33,82.78,86.11,49,31,890,6575,557.4460000000001,89.4425,264,224
2022-05-04 17:33:10,560.56,545.0,545.56,568.33,545.0,589.44,87.78,90.0,92.22,88.89,83.33,86.11,49,30,903,6575,552.89,89.7225,270,224
2022-05-04 17:33:16,551.67,535.0,537.22,557.22,531.11,580.0,88.33,90.56,92.78,89.44,83.89,86.67,49,27,824,6575,542.4440000000001,90.27749999999999,276,224
2022-05-04 17:33:22,548.89,528.89,532.22,553.33,525.0,571.11,88.33,91.11,93.33,90.0,84.44,86.67,49,26,825,6575,537.6659999999999,90.6925,282,224
2022-05-04 17:33:28,544.44,527.78,528.89,550.56,520.56,568.89,88.89,91.67,93.33,90.56,85.0,87.22,50,24,839,6575,534.446,91.1125,288,224
2022-05-04 17:33:34,561.67,548.89,538.89,577.78,535.56,579.44,89.44,92.22,94.44,91.11,85.56,87.78,50,26,954,6575,552.5579999999999,91.80250000000001,294,224
2022-05-04 17:33:40,555.0,539.44,530.56,569.44,531.11,577.78,89.44,92.78,95.0,91.67,85.56,88.33,50,25,899,6575,545.11,92.22250000000001,300,224
2022-05-04 17:33:46,556.67,540.56,530.0,570.0,530.0,577.22,90.0,93.33,95.56,92.22,86.11,88.89,50,24,894,6575,545.446,92.7775,306,224
2022-05-04 17:33:52,554.44,536.11,528.89,566.67,533.33,574.44,90.56,93.89,96.11,92.78,86.67,89.44,50,26,886,6575,543.888,93.33500000000001,312,224
2022-05-04 17:33:58,571.67,556.67,541.67,576.11,552.22,576.11,91.11,94.44,96.67,93.33,86.67,90.0,50,51,1239,6575,559.668,93.8875,318,224
2022-05-04 17:34:04,628.89,616.11,604.44,628.33,621.11,621.67,92.78,95.56,97.78,94.44,87.22,91.11,50,110,1803,6575,619.7760000000001,95.14,324,224
2022-05-04 17:34:10,646.11,633.33,633.33,644.44,645.0,633.89,95.56,97.78,100.56,96.11,87.78,93.89,49,115,1825,6575,640.442,97.5025,330,224
2022-05-04 17:34:16,666.67,652.78,655.56,663.33,664.44,649.44,97.78,99.44,102.22,98.33,88.33,96.11,49,116,1813,6575,660.5559999999999,99.4425,336,224
2022-05-04 17:34:22,664.44,652.22,657.78,662.22,666.11,646.67,100.0,101.11,103.89,100.0,89.44,97.78,49,115,1849,6575,660.554,101.25,342,224
2022-05-04 17:34:28,660.56,650.56,655.0,658.33,663.33,645.0,102.22,102.78,105.56,101.67,91.11,99.44,49,112,1697,6575,657.5559999999999,103.0575,348,224
2022-05-04 17:34:34,657.22,650.56,655.0,658.33,664.44,642.22,104.44,104.44,107.22,103.33,92.22,101.67,49,109,1770,6575,657.11,104.8575,354,224
2022-05-04 17:34:40,662.22,656.11,656.11,663.33,666.11,650.0,107.22,106.11,108.89,105.0,93.89,103.33,49,82,1654,6575,660.7760000000001,106.80499999999999,360,224
2022-05-04 17:34:46,609.44,617.22,615.0,628.33,599.44,601.67,107.78,107.22,110.0,106.11,95.56,103.89,49,17,761,6575,613.8860000000001,107.7775,366,224
2022-05-04 17:34:52,562.22,555.56,581.67,591.67,554.44,558.33,106.67,107.22,110.0,106.11,96.67,102.78,49,22,695,6575,569.112,107.5,372,224
2022-05-04 17:34:58,590.0,584.44,589.44,602.22,578.89,589.44,106.67,106.67,109.44,106.11,98.33,102.78,49,44,1050,6575,588.998,107.2225,378,224
2022-05-04 17:35:04,591.11,588.33,587.22,600.56,583.33,606.11,106.67,106.67,110.0,106.11,98.89,102.78,50,44,1045,6575,590.11,107.36250000000001,384,224
2022-05-04 17:35:10,592.22,587.22,583.33,599.44,582.78,604.44,106.67,107.22,110.0,106.67,100.0,102.78,50,44,1045,6575,588.9979999999999,107.64,390,224
2022-05-04 17:35:16,593.89,586.11,584.44,599.44,585.0,607.22,106.67,107.22,110.56,107.22,100.56,102.78,50,44,1047,6575,589.7760000000001,107.91749999999999,396,224
2022-05-04 17:35:22,594.44,586.67,586.67,600.0,582.78,617.78,106.67,107.22,110.56,107.22,101.11,102.78,50,44,1043,6575,590.1120000000001,107.91749999999999,402,224
2022-05-04 17:35:28,593.33,583.89,580.56,597.78,585.0,608.89,106.67,107.22,110.56,107.78,101.11,103.33,50,44,1052,6575,588.112,108.0575,408,224
2022-05-04 17:35:34,591.67,587.22,581.11,593.89,582.22,607.78,106.67,107.22,111.11,107.78,101.67,103.33,50,44,1054,6575,587.222,108.195,414,224
2022-05-04 17:35:40,591.11,588.33,577.78,593.33,583.89,615.0,106.11,107.22,111.11,107.78,101.67,103.33,50,44,1046,6575,586.888,108.055,420,224
2022-05-04 17:35:46,589.44,587.22,578.33,595.0,581.67,616.11,106.11,107.22,111.11,107.78,101.67,103.33,50,43,1029,6575,586.3320000000001,108.055,426,224
2022-05-04 17:35:52,587.22,582.22,578.33,595.0,576.67,611.11,106.11,107.22,111.11,107.78,102.22,102.78,50,41,1014,6575,583.888,108.055,432,224
2022-05-04 17:35:58,585.0,577.22,580.0,592.78,573.33,606.67,106.11,107.22,111.67,107.78,102.22,102.78,50,41,1023,6575,581.6659999999999,108.195,438,224
2022-05-04 17:36:04,582.78,577.78,577.78,591.67,572.22,608.33,106.11,107.22,111.67,107.78,102.22,102.22,49,41,1024,6575,580.4459999999999,108.195,444,224
2022-05-04 17:36:10,587.22,577.22,575.0,590.56,572.78,612.22,106.11,107.22,111.67,107.78,102.78,102.22,49,41,1033,6575,580.5559999999999,108.195,450,224
2022-05-04 17:36:16,588.89,577.78,576.11,592.22,572.78,618.33,106.11,107.22,111.67,107.78,102.78,102.22,49,41,1024,6575,581.5559999999999,108.195,456,224
2022-05-04 17:36:22,587.78,580.0,575.56,591.67,572.78,611.11,106.11,107.22,111.67,107.78,102.78,102.22,49,41,1027,6575,581.558,108.195,462,224
2022-05-04 17:36:28,602.22,590.56,580.0,596.67,579.44,607.22,106.11,107.22,111.67,107.78,102.78,102.22,49,45,1183,6575,589.778,108.195,468,224
2022-05-04 17:36:34,608.33,595.56,583.33,600.0,583.89,604.44,106.67,107.22,112.22,108.33,102.78,102.22,49,45,1183,6575,594.222,108.61,474,224
2022-05-04 17:36:40,612.78,596.67,585.56,599.44,586.11,605.56,106.67,107.78,112.78,108.33,102.78,102.78,49,45,1188,6575,596.112,108.89,480,224
2022-05-04 17:36:46,613.89,596.67,583.89,602.78,587.78,610.0,107.22,107.78,113.33,108.33,102.78,102.78,50,45,1140,6575,597.0019999999998,109.16499999999999,486,224
2022-05-04 17:36:52,597.78,587.22,582.22,597.78,581.67,613.89,107.22,107.78,113.33,108.33,103.33,102.78,50,40,1007,6575,589.3340000000001,109.16499999999999,492,224
2022-05-04 17:36:58,592.78,576.11,577.22,590.0,568.89,610.56,106.67,107.78,113.33,108.33,103.33,102.22,50,37,969,6575,580.9999999999999,109.02749999999999,498,224
2022-05-04 17:37:04,586.11,572.78,576.11,588.33,567.22,601.67,106.67,107.78,112.78,107.78,103.33,102.22,50,37,968,6575,578.11,108.7525,504,224
2022-05-04 17:37:10,589.44,577.78,572.22,589.44,568.89,601.11,106.11,107.22,112.78,107.78,103.33,102.22,50,61,1246,6575,579.554,108.4725,510,224
2022-05-04 17:37:16,658.89,662.22,649.44,668.33,648.89,655.0,107.78,108.33,113.89,108.89,103.33,103.33,49,316,2601,6575,657.554,109.7225,516,224
2022-05-04 17:37:22,718.33,730.56,717.22,727.78,713.33,707.22,113.89,112.22,119.44,112.78,103.89,109.44,49,363,2509,6575,721.4439999999998,114.58250000000001,522,224
2022-05-04 17:37:28,733.89,746.67,738.33,744.44,732.22,721.11,120.0,117.78,125.0,117.22,105.56,116.11,49,358,2507,6575,739.11,120.0,528,224
2022-05-04 17:37:34,740.0,753.33,745.56,752.78,741.11,726.11,125.56,121.67,130.0,120.56,107.78,121.67,49,357,2510,6575,746.556,124.4475,534,224
2022-05-04 17:37:40,743.89,758.33,749.44,756.67,743.89,728.89,130.0,126.11,134.44,124.44,111.11,126.11,48,354,2507,6575,750.444,128.7475,540,224
2022-05-04 17:37:46,749.44,764.44,755.0,764.44,749.44,732.78,133.89,130.0,138.89,127.78,114.44,130.56,48,350,2507,6575,756.552,132.64,546,224
2022-05-04 17:37:52,749.44,765.56,757.22,765.56,751.11,735.56,138.33,134.44,143.33,131.11,117.78,135.0,47,352,2511,6575,757.778,136.8025,552,224
2022-05-04 17:37:58,749.44,767.22,758.89,766.67,752.78,737.22,141.67,138.33,147.22,133.89,121.11,138.89,47,349,2511,6575,759.0,140.2775,558,224
2022-05-04 17:38:04,751.11,767.78,759.44,766.67,753.33,738.33,145.0,142.78,151.67,137.22,125.56,143.33,46,351,2511,6575,759.6659999999999,144.1675,564,224
2022-05-04 17:38:10,752.78,769.44,762.22,771.11,755.56,739.44,148.33,146.11,156.11,140.0,128.89,146.67,46,352,2515,6575,762.222,147.63750000000002,570,224
2022-05-04 17:38:16,753.89,767.22,760.56,770.0,755.56,737.22,151.11,149.44,160.0,143.33,132.22,150.0,45,352,2515,6575,761.446,150.97,576,224
2022-05-04 17:38:22,755.0,769.44,760.0,769.44,755.56,737.22,153.89,152.22,162.22,146.11,135.56,153.33,45,348,2516,6575,761.888,153.61,582,224
2022-05-04 17:38:28,753.89,767.78,761.11,768.33,755.0,737.22,156.67,155.0,165.0,148.33,138.33,156.11,45,342,2512,6575,761.222,156.25,588,224
2022-05-04 17:38:34,719.44,735.56,725.56,735.0,717.22,706.67,157.78,156.67,166.67,150.56,140.56,158.33,45,290,2497,6575,726.5559999999999,157.92000000000002,594,224
2022-05-04 17:38:40,706.11,719.44,709.44,720.0,702.22,691.67,158.33,157.22,166.67,151.67,142.78,158.33,45,277,2410,6575,711.442,158.4725,600,224
2022-05-04 17:38:46,731.11,741.11,732.22,741.11,726.11,712.78,157.22,158.33,166.67,152.22,143.89,158.33,45,247,2410,6575,734.3320000000001,158.61,606,224
2022-05-04 17:38:52,788.89,799.44,790.0,796.11,784.44,766.67,157.78,159.44,166.67,154.44,145.0,159.44,45,203,2412,6575,791.7760000000001,159.58249999999998,612,224
2022-05-04 17:38:58,812.22,822.22,813.89,819.44,807.78,788.89,158.89,161.67,167.22,156.11,146.11,161.11,45,204,2409,6575,815.11,160.9725,618,224
2022-05-04 17:39:04,797.22,808.33,802.22,806.67,796.67,776.67,160.56,163.33,168.33,158.33,147.22,163.33,45,222,2404,6575,802.2220000000001,162.63750000000002,624,224
2022-05-04 17:39:10,789.44,800.0,793.89,800.0,787.78,768.89,161.11,165.0,168.89,159.44,148.89,164.44,44,218,2409,6575,794.222,163.61,630,224
2022-05-04 17:39:16,787.22,799.44,793.89,798.89,786.67,768.33,161.67,166.11,169.44,160.56,150.56,166.11,44,219,2413,6575,793.222,164.445,636,224
2022-05-04 17:39:22,786.11,799.44,795.0,798.33,786.67,767.78,162.22,167.22,170.56,161.11,151.67,166.67,44,221,2415,6575,793.11,165.2775,642,224
2022-05-04 17:39:28,785.0,797.78,792.78,796.67,785.0,767.78,162.78,168.33,170.56,162.22,152.22,168.33,44,222,2415,6575,791.446,165.9725,648,224
2022-05-04 17:39:34,786.67,797.22,791.67,797.78,784.44,766.11,163.33,168.89,171.67,162.78,153.33,168.89,43,219,2411,6575,791.556,166.6675,654,224
2022-05-04 17:39:40,785.56,796.67,791.67,797.22,784.44,768.33,163.89,169.44,172.22,163.33,153.89,169.44,44,218,2410,6575,791.112,167.22,660,224
2022-05-04 17:39:46,787.22,799.44,792.78,799.44,786.11,767.78,164.44,170.0,172.78,163.89,154.44,170.56,43,220,2418,6575,792.998,167.7775,666,224
2022-05-04 17:39:52,787.22,797.78,791.67,798.89,786.67,768.89,165.0,171.11,172.78,164.44,155.0,171.67,43,219,2414,6576,792.446,168.33249999999998,672,224
2022-05-04 17:39:58,787.78,799.44,793.33,800.0,787.78,767.22,165.56,171.67,173.89,165.0,155.56,172.22,43,219,2407,6576,793.6659999999999,169.03,678,224
2022-05-04 17:40:04,786.11,799.44,791.11,798.33,787.78,767.22,165.56,172.22,173.89,165.56,156.11,172.78,43,217,2408,6576,792.5540000000001,169.3075,684,224
2022-05-04 17:40:10,786.11,801.67,792.78,801.11,788.33,768.89,166.11,172.78,175.0,166.11,156.67,173.33,43,217,2408,6576,794.0,170.0,690,224
2022-05-04 17:40:16,787.78,801.67,793.89,798.33,787.22,768.33,166.11,173.33,175.0,166.67,157.22,173.89,42,217,2406,6576,793.7779999999999,170.2775,696,224
2022-05-04 17:40:22,786.67,798.33,791.11,797.78,786.67,767.78,166.67,174.44,176.11,167.22,158.33,174.44,42,219,2408,6576,792.1120000000001,171.11,702,224
2022-05-04 17:40:28,786.67,799.44,792.78,797.78,786.11,767.22,167.22,175.0,176.11,167.78,159.44,175.0,42,219,2413,6576,792.556,171.5275,708,224
2022-05-04 17:40:34,786.67,798.33,790.56,798.33,785.0,768.33,167.78,175.56,176.67,168.33,160.0,175.56,42,218,2412,6576,791.778,172.085,714,224
2022-05-04 17:40:40,784.44,799.44,792.22,796.67,784.44,766.11,168.33,176.11,177.22,168.89,160.56,176.11,42,220,2417,6576,791.4420000000001,172.63750000000002,720,224
2022-05-04 17:40:46,784.44,800.0,791.11,798.33,783.89,768.33,168.33,176.67,177.78,169.44,161.11,176.67,42,219,2418,6576,791.554,173.055,726,224
2022-05-04 17:40:52,783.89,798.33,792.22,798.89,784.44,768.33,168.89,177.22,178.33,170.0,161.67,177.22,42,219,2419,6576,791.554,173.61,732,224
2022-05-04 17:40:58,783.33,797.78,790.56,796.67,783.89,766.11,169.44,177.78,178.89,170.56,161.67,177.78,42,219,2418,6576,790.446,174.16750000000002,738,224
2022-05-04 17:41:04,786.11,797.78,790.0,797.22,782.78,767.78,169.44,177.78,179.44,170.56,162.22,178.33,42,219,2416,6576,790.7779999999999,174.305,744,224
2022-05-04 17:41:10,785.0,797.78,790.0,795.56,782.78,765.56,170.0,178.33,179.44,171.11,162.22,178.33,42,220,2420,6576,790.2239999999999,174.72,750,224
2022-05-04 17:41:16,784.44,797.22,791.67,797.78,784.44,767.22,170.0,178.33,180.0,171.67,162.22,178.89,41,220,2417,6576,791.1099999999999,175.0,756,224
2022-05-04 17:41:22,784.44,796.67,790.0,796.11,784.44,765.56,170.56,178.89,180.56,171.67,162.78,179.44,41,219,2421,6576,790.3320000000001,175.42,762,224
2022-05-04 17:41:28,782.78,797.22,789.44,796.11,782.78,765.56,170.56,178.89,180.56,172.22,162.78,179.44,41,219,2423,6576,789.6659999999999,175.5575,768,224
2022-05-04 17:41:34,782.78,797.22,789.44,795.56,782.78,767.22,170.56,178.89,181.11,172.22,163.33,179.44,41,219,2423,6576,789.5559999999999,175.695,774,224
2022-05-04 17:41:40,782.78,797.22,791.67,797.22,782.78,765.56,171.11,179.44,181.11,172.78,163.89,180.0,40,220,2422,6576,790.3340000000001,176.11,780,224
2022-05-04 17:41:46,783.89,796.67,789.44,796.67,784.44,763.89,171.11,179.44,181.67,172.78,164.44,180.0,40,220,2424,6576,790.222,176.25,786,224
2022-05-04 17:41:52,781.67,796.67,789.44,795.56,781.11,763.89,171.11,179.44,181.67,173.33,165.0,180.56,40,220,2424,6576,788.89,176.38750000000002,792,224
2022-05-04 17:41:58,783.89,799.44,791.11,797.78,783.89,766.11,171.67,180.0,182.22,173.33,165.0,180.56,40,220,2427,6576,791.222,176.805,798,224
2022-05-04 17:42:04,784.44,796.67,791.67,795.56,783.33,764.44,171.67,180.0,182.22,173.89,165.0,181.11,40,220,2427,6576,790.3340000000001,176.945,804,224
2022-05-04 17:42:10,783.33,798.89,790.0,795.0,782.78,765.0,171.67,180.56,182.78,173.89,165.0,181.11,40,221,2428,6576,790.0,177.225,810,224
2022-05-04 17:42:16,783.33,797.78,788.89,795.0,783.33,766.67,172.22,180.56,182.78,174.44,165.0,181.67,40,218,2428,6576,789.6659999999999,177.5,816,224
2022-05-04 17:42:22,783.89,798.33,791.67,796.67,783.89,767.22,172.22,180.56,183.33,174.44,165.0,181.67,40,219,2429,6576,790.89,177.6375,822,224
2022-05-04 17:42:28,783.89,797.22,789.44,795.0,783.89,767.22,172.78,181.11,183.33,175.0,165.56,181.67,40,220,2430,6576,789.888,178.055,828,224
2022-05-04 17:42:34,782.22,796.67,788.89,795.0,781.67,764.44,173.33,181.11,183.89,175.0,165.56,182.22,39,220,2440,6576,788.89,178.3325,834,224
2022-05-04 17:42:40,782.22,796.67,790.0,794.44,783.33,765.0,173.33,181.67,183.89,175.56,166.11,182.22,39,222,2436,6576,789.332,178.6125,840,224
2022-05-04 17:42:46,781.67,795.56,791.11,794.44,783.33,764.44,173.33,181.67,184.44,175.56,166.11,182.22,39,222,2435,6576,789.222,178.75,846,224
2022-05-04 17:42:52,777.78,792.78,786.11,791.11,778.33,761.67,173.89,181.67,184.44,175.56,166.11,182.22,39,213,2416,6576,785.222,178.89,852,224
2022-05-04 17:42:58,774.44,787.78,782.78,788.89,774.44,758.33,173.33,181.11,183.89,175.56,165.56,181.67,39,209,2417,6576,781.6659999999999,178.47250000000003,858,224
2022-05-04 17:43:04,772.78,786.67,779.44,787.22,772.22,756.11,172.22,180.56,183.33,174.44,165.0,181.11,39,209,2419,6576,779.6659999999999,177.6375,864,224
2022-05-04 17:43:10,770.56,787.22,778.89,785.56,771.11,757.22,171.67,180.0,182.78,173.89,164.44,180.56,39,210,2431,6576,778.668,177.08499999999998,870,224
2022-05-04 17:43:16,771.11,786.11,778.89,784.44,770.0,757.78,171.11,179.44,181.67,173.33,163.89,180.0,39,211,2433,6576,778.11,176.38750000000002,876,224
2022-05-04 17:43:22,770.56,787.22,778.89,785.56,772.22,756.67,170.56,178.89,181.11,172.78,162.78,179.44,39,211,2433,6576,778.89,175.83499999999998,882,224
2022-05-04 17:43:28,770.56,785.56,778.33,784.44,770.0,756.11,170.0,177.78,181.11,172.22,162.22,178.33,39,211,2434,6576,777.778,175.2775,888,224
2022-05-04 17:43:34,770.0,787.22,777.78,782.78,769.44,755.56,169.44,177.22,181.11,171.67,161.11,178.33,39,211,2438,6576,777.444,174.85999999999999,894,224
2022-05-04 17:43:40,772.22,787.22,777.78,782.78,768.89,755.56,168.89,176.67,181.67,171.11,160.56,177.22,38,210,2440,6576,777.778,174.58499999999998,900,224
2022-05-04 17:43:46,773.33,787.22,780.0,784.44,771.11,757.22,168.89,176.67,182.22,171.11,160.0,177.22,38,212,2439,6576,779.22,174.7225,906,224
2022-05-04 17:43:52,771.67,787.78,780.0,785.0,772.22,757.22,168.89,176.11,182.22,171.11,160.0,177.22,39,210,2442,6576,779.3340000000001,174.5825,912,224
2022-05-04 17:43:58,774.44,789.44,782.22,787.22,773.33,757.78,168.89,176.11,182.22,171.11,160.0,177.22,39,210,2445,6576,781.3300000000002,174.5825,918,224
2022-05-04 17:44:04,774.44,790.0,782.78,787.78,773.89,759.44,169.44,176.67,182.22,171.67,161.11,177.78,39,211,2442,6576,781.778,175.0,924,224
2022-05-04 17:44:10,772.22,790.56,782.22,787.78,773.33,759.44,170.0,177.22,182.78,171.67,161.67,178.33,39,212,2441,6576,781.222,175.4175,930,224
2022-05-04 17:44:16,772.22,790.56,782.22,787.78,772.22,758.33,170.56,177.78,182.78,172.22,161.67,178.89,39,211,2439,6576,781.0,175.835,936,224
2022-05-04 17:44:22,773.89,791.67,782.22,787.78,773.89,760.0,170.56,178.33,182.78,172.78,162.22,178.89,39,211,2441,6576,781.8899999999999,176.11249999999998,942,224
2022-05-04 17:44:28,775.0,791.67,782.78,788.89,774.44,760.56,171.11,178.33,183.33,173.33,162.22,179.44,39,212,2440,6576,782.5559999999999,176.52500000000003,948,224
2022-05-04 17:44:34,772.78,790.0,780.56,786.67,774.44,758.33,171.67,178.89,183.33,173.33,162.78,179.44,39,211,2436,6576,780.8900000000001,176.805,954,224
2022-05-04 17:44:40,773.89,788.89,780.56,786.67,773.33,757.22,171.67,178.89,183.89,173.89,162.78,180.0,39,212,2438,6576,780.668,177.08499999999998,960,224
2022-05-04 17:44:46,775.0,789.44,783.33,788.89,772.78,757.78,172.22,179.44,183.89,173.89,162.78,180.56,39,210,2433,6576,781.8879999999999,177.35999999999999,966,224
2022-05-04 17:44:52,775.0,788.33,783.33,786.67,774.44,760.0,172.22,179.44,183.89,174.44,162.78,180.56,39,210,2435,6576,781.554,177.4975,972,224
2022-05-04 17:44:58,775.56,790.56,783.33,788.89,773.33,758.33,172.78,180.0,183.89,174.44,163.33,181.11,38,212,2437,6576,782.334,177.77749999999997,978,224
2022-05-04 17:45:04,773.33,791.67,783.33,788.89,775.0,760.0,172.78,180.0,184.44,175.0,163.33,181.11,38,212,2439,6576,782.444,178.055,984,224
2022-05-04 17:45:10,773.33,791.11,783.89,788.33,775.56,758.89,172.78,180.0,184.44,175.0,163.33,181.11,38,212,2441,6576,782.444,178.055,990,224
2022-05-04 17:45:16,775.0,791.11,783.89,788.89,775.56,758.33,172.78,180.0,184.44,175.56,163.89,181.11,38,211,2448,6576,782.89,178.195,996,224
2022-05-04 17:45:22,776.11,790.0,784.44,788.89,774.44,758.89,173.33,180.56,184.44,175.56,164.44,181.67,38,211,2440,6576,782.7760000000001,178.47249999999997,1002,224
2022-05-04 17:45:28,776.11,788.89,781.67,786.67,775.56,758.33,173.33,180.56,184.44,175.56,164.44,181.67,38,210,2438,6576,781.78,178.47249999999997,1008,224
2022-05-04 17:45:34,774.44,790.56,783.33,788.89,776.67,760.56,173.33,180.56,184.44,175.56,164.44,181.67,38,207,2425,6576,782.778,178.47249999999997,1014,224
2022-05-04 17:45:40,773.89,789.44,781.67,787.22,774.44,758.89,173.33,180.56,184.44,175.56,164.44,181.67,38,210,2437,6576,781.3320000000001,178.47249999999997,1020,224
2022-05-04 17:45:46,775.56,791.11,783.89,790.0,776.11,760.56,173.33,180.56,184.44,175.56,164.44,181.67,39,211,2446,6576,783.3340000000001,178.47249999999997,1026,224
2022-05-04 17:45:52,774.44,789.44,783.89,787.78,774.44,759.44,173.33,180.56,184.44,175.56,164.44,181.67,39,211,2437,6577,781.998,178.47249999999997,1032,224
2022-05-04 17:45:58,774.44,789.44,783.89,786.67,774.44,758.33,173.33,180.56,184.44,175.56,163.89,181.67,39,209,2428,6577,781.7760000000001,178.47249999999997,1038,224
2022-05-04 17:46:04,773.33,788.33,781.67,786.67,774.44,757.78,173.33,180.56,184.44,175.56,163.89,181.11,38,210,2424,6577,780.888,178.47249999999997,1044,224
2022-05-04 17:46:10,775.0,789.44,783.33,788.33,775.0,758.89,173.33,180.0,184.44,175.56,163.33,181.11,38,211,2430,6577,782.22,178.33249999999998,1050,224
2022-05-04 17:46:16,772.22,787.78,781.67,786.11,772.78,757.22,173.33,180.0,184.44,175.56,163.33,181.11,38,210,2437,6577,780.1120000000001,178.33249999999998,1056,224
2022-05-04 17:46:22,773.89,788.33,781.11,785.56,774.44,757.22,173.33,180.0,184.44,175.56,163.33,181.11,38,211,2434,6577,780.6659999999999,178.33249999999998,1062,224
2022-05-04 17:46:28,772.78,786.67,780.56,786.67,775.0,757.22,172.78,180.0,185.0,175.0,163.33,181.11,38,211,2440,6577,780.336,178.195,1068,224
2022-05-04 17:46:34,772.78,786.67,780.56,787.22,773.33,756.67,172.78,180.0,185.56,175.0,163.33,182.22,38,208,2415,6577,780.1119999999999,178.33499999999998,1074,224
2022-05-04 17:46:40,772.22,786.67,779.44,785.56,772.78,757.78,172.78,179.44,186.67,175.0,163.89,182.22,38,210,2429,6577,779.3340000000001,178.4725,1080,224
2022-05-04 17:46:46,772.22,788.33,781.67,787.78,773.33,757.22,172.78,179.44,187.22,175.0,163.89,182.22,38,212,2432,6577,780.6659999999999,178.61,1086,224
2022-05-04 17:46:52,771.11,786.67,780.0,785.0,774.44,755.56,172.78,179.44,187.22,175.0,163.89,182.22,39,210,2419,6577,779.444,178.61,1092,224
2022-05-04 17:46:58,773.33,786.11,778.89,784.44,774.44,755.56,172.78,179.44,186.67,175.0,163.89,181.67,39,211,2437,6577,779.442,178.4725,1098,224
2022-05-04 17:47:04,773.33,786.67,778.89,784.44,774.44,758.33,172.22,179.44,186.11,174.44,163.89,181.67,39,210,2429,6577,779.554,178.0525,1104,224
2022-05-04 17:47:10,772.22,786.67,781.67,784.44,771.67,755.56,172.22,179.44,185.56,174.44,163.33,181.11,39,212,2442,6577,779.3340000000001,177.91500000000002,1110,224
2022-05-04 17:47:16,771.67,788.89,782.78,786.11,773.33,757.78,172.22,179.44,185.56,174.44,162.78,181.11,40,212,2434,6577,780.556,177.91500000000002,1116,224
2022-05-04 17:47:22,770.56,785.0,780.0,783.89,772.22,755.56,172.22,179.44,185.0,174.44,162.78,181.11,40,210,2423,6577,778.3340000000001,177.77499999999998,1122,224
2022-05-04 17:47:28,772.22,786.67,778.33,786.67,772.22,754.44,172.22,178.89,184.44,174.44,162.22,181.11,40,208,2405,6577,779.222,177.4975,1128,224
2022-05-04 17:47:34,770.56,786.67,778.33,784.44,771.11,756.11,171.67,178.89,184.44,174.44,162.22,180.56,40,210,2412,6577,778.222,177.36,1134,224
2022-05-04 17:47:40,772.22,785.0,779.44,783.89,772.22,754.44,171.67,178.89,183.89,174.44,162.22,180.56,40,210,2424,6577,778.5539999999999,177.22249999999997,1140,224
2022-05-04 17:47:46,772.78,786.11,780.0,785.56,773.89,756.11,171.67,178.89,183.33,174.44,162.22,180.56,40,210,2429,6577,779.6679999999999,177.08249999999998,1146,224
2022-05-04 17:47:52,771.11,787.22,780.56,783.89,773.89,757.22,171.67,178.89,183.33,174.44,162.78,180.56,40,212,2435,6577,779.334,177.08249999999998,1152,224
2022-05-04 17:47:58,770.56,784.44,778.33,782.78,772.22,755.0,171.67,178.89,183.33,174.44,162.78,180.0,40,210,2416,6577,777.6659999999999,177.08249999999998,1158,224
2022-05-04 17:48:04,773.33,783.89,778.33,784.44,774.44,753.89,171.67,178.89,182.78,173.89,162.78,180.0,40,210,2404,6577,778.8860000000001,176.80749999999998,1164,224
2022-05-04 17:48:10,770.56,783.89,777.22,785.0,772.22,753.89,171.11,178.89,182.78,173.89,162.78,180.0,39,208,2410,6577,777.778,176.6675,1170,224
2022-05-04 17:48:16,771.11,784.44,778.89,785.0,771.67,753.89,171.11,178.89,182.78,173.89,162.78,180.0,39,210,2413,6577,778.222,176.6675,1176,224
2022-05-04 17:48:22,772.22,787.22,778.89,785.0,773.89,755.56,171.11,178.89,182.78,173.89,162.78,180.0,39,209,2414,6577,779.444,176.6675,1182,224
2022-05-04 17:48:28,772.22,785.56,779.44,786.67,773.89,756.11,171.11,178.89,182.78,173.89,162.78,180.0,39,209,2418,6577,779.556,176.6675,1188,224
2022-05-04 17:48:34,771.11,786.11,780.56,785.56,772.78,757.22,171.67,179.44,182.78,174.44,162.78,180.0,39,210,2418,6577,779.2239999999999,177.08249999999998,1194,224
2022-05-04 17:48:40,773.33,787.78,780.56,787.22,772.78,755.56,171.67,179.44,182.78,174.44,162.78,180.56,38,210,2416,6577,780.3340000000001,177.08249999999998,1200,224
2022-05-04 17:48:46,771.67,786.11,778.33,785.0,772.78,755.56,172.22,179.44,183.33,175.0,162.78,180.56,39,210,2415,6577,778.778,177.4975,1206,224
2022-05-04 17:48:52,774.44,787.78,780.56,788.89,773.89,758.89,172.22,180.0,183.33,175.0,162.78,181.11,39,206,2405,6577,781.1119999999999,177.63750000000002,1212,224
2022-05-04 17:48:58,775.0,788.33,781.11,786.67,775.0,757.78,172.22,180.0,183.33,175.0,162.78,181.11,39,209,2420,6577,781.222,177.63750000000002,1218,224
2022-05-04 17:49:04,772.78,786.11,779.44,786.11,773.33,756.67,172.22,180.0,183.33,175.0,162.78,181.11,39,209,2399,6577,779.554,177.63750000000002,1224,224
2022-05-04 17:49:10,772.22,787.78,780.0,787.78,773.33,756.67,172.78,180.0,183.33,175.0,163.33,181.11,39,208,2410,6577,780.222,177.7775,1230,224
2022-05-04 17:49:16,775.0,788.89,781.11,788.33,776.11,756.67,172.78,180.56,183.33,175.56,163.89,181.11,38,208,2407,6577,781.888,178.0575,1236,224
2022-05-04 17:49:22,775.0,787.22,780.0,787.22,773.89,756.67,172.78,180.56,183.89,175.56,164.44,181.11,38,207,2416,6577,780.666,178.1975,1242,224
2022-05-04 17:49:28,772.22,786.67,779.44,785.0,772.78,756.67,172.78,180.56,183.89,175.56,164.44,181.67,38,211,2418,6577,779.222,178.1975,1248,224
2022-05-04 17:49:34,771.67,787.78,781.11,786.11,773.89,755.0,172.78,180.56,183.89,175.56,164.44,181.67,38,209,2418,6577,780.112,178.1975,1254,224
2022-05-04 17:49:40,773.89,786.67,779.44,786.11,775.0,756.11,172.78,181.11,183.89,176.11,164.44,181.67,38,207,2408,6577,780.222,178.4725,1260,224
2022-05-04 17:49:46,771.67,786.67,780.56,786.67,775.0,755.0,172.78,181.11,183.89,176.11,164.44,181.67,38,207,2410,6577,780.1139999999999,178.4725,1266,224
2022-05-04 17:49:52,771.67,789.44,778.89,787.22,775.0,757.78,172.78,181.11,183.89,176.11,164.44,181.67,38,209,2417,6577,780.4440000000001,178.4725,1272,224
2022-05-04 17:49:58,773.33,787.78,778.89,785.56,773.33,758.33,173.33,181.11,183.89,176.11,164.44,182.22,38,211,2421,6577,779.778,178.61,1278,224
2022-05-04 17:50:04,773.89,787.22,781.11,785.56,774.44,758.33,173.33,181.11,183.89,176.11,163.89,182.22,38,209,2416,6577,780.4440000000001,178.61,1284,224
2022-05-04 17:50:10,772.22,786.67,781.11,787.22,773.33,755.56,173.33,181.11,184.44,176.11,163.89,182.22,38,209,2412,6577,780.11,178.74750000000003,1290,224
2022-05-04 17:50:16,772.22,788.89,781.11,787.22,773.33,757.22,173.33,181.11,184.44,176.11,163.89,182.22,38,207,2408,6577,780.5540000000001,178.74750000000003,1296,224
2022-05-04 17:50:22,774.44,787.22,781.67,785.56,776.11,758.33,172.78,181.67,184.44,176.11,163.89,182.22,38,208,2418,6577,781.0,178.75,1302,224
2022-05-04 17:50:28,772.78,790.0,782.22,788.89,775.0,758.33,172.78,181.67,184.44,176.67,164.44,182.22,38,210,2411,6577,781.778,178.89,1308,224
2022-05-04 17:50:34,772.78,790.0,781.67,787.22,775.56,757.78,172.78,181.67,184.44,176.67,165.0,182.22,38,208,2437,6577,781.446,178.89,1314,224
2022-05-04 17:50:40,773.33,790.0,782.22,787.78,776.11,756.67,173.33,181.67,184.44,176.67,165.0,182.22,38,209,2419,6577,781.888,179.0275,1320,224
2022-05-04 17:50:46,773.89,789.44,780.0,786.11,773.89,756.67,173.33,181.67,184.44,176.67,165.0,182.22,38,210,2429,6577,780.6659999999999,179.0275,1326,224
2022-05-04 17:50:52,772.78,790.0,781.11,788.33,773.89,759.44,173.33,181.67,184.44,176.67,165.0,182.22,38,210,2420,6577,781.222,179.0275,1332,224
2022-05-04 17:50:58,777.78,792.78,786.11,791.67,778.89,762.78,172.78,181.11,184.44,176.67,164.44,181.67,38,225,2433,6577,785.446,178.74999999999997,1338,224
2022-05-04 17:51:04,777.22,793.33,786.67,790.56,780.56,762.78,172.22,180.56,183.33,175.56,163.89,181.67,38,226,2428,6577,785.668,177.91750000000002,1344,224
2022-05-04 17:51:10,780.56,795.56,787.78,794.44,781.67,763.33,171.67,180.0,183.33,175.0,162.78,181.11,38,223,2419,6577,788.002,177.5,1350,224
2022-05-04 17:51:16,779.44,795.0,789.44,794.44,782.22,763.33,171.11,179.44,182.78,174.44,162.22,180.56,38,221,2407,6577,788.108,176.9425,1356,224
2022-05-04 17:51:22,781.67,796.11,789.44,795.56,783.89,766.11,171.11,178.89,182.22,174.44,161.11,180.56,38,220,2413,6577,789.3340000000001,176.66500000000002,1362,224
2022-05-04 17:51:28,780.0,793.33,787.78,793.89,781.11,763.89,170.56,178.33,181.67,173.89,160.56,180.0,38,223,2425,6577,787.222,176.11249999999998,1368,224
2022-05-04 17:51:34,779.44,794.44,787.22,793.33,783.33,764.44,170.0,177.78,181.67,173.33,160.56,179.44,38,220,2403,6577,787.552,175.695,1374,224
2022-05-04 17:51:40,779.44,794.44,787.22,795.0,781.11,762.78,170.0,177.78,181.11,172.78,160.0,178.89,38,223,2425,6577,787.4420000000001,175.4175,1380,224
2022-05-04 17:51:46,778.89,795.0,787.22,794.44,780.0,765.0,169.44,177.22,181.11,172.78,160.0,178.89,37,221,2421,6578,787.1099999999999,175.1375,1386,224
2022-05-04 17:51:52,778.89,793.33,788.33,794.44,782.22,763.33,169.44,177.22,180.56,172.78,160.0,178.89,37,220,2420,6578,787.442,175.0,1392,224
2022-05-04 17:51:58,780.0,793.33,788.33,793.89,781.11,764.44,169.44,176.67,180.0,172.22,160.0,178.89,37,220,2421,6578,787.332,174.5825,1398,224
2022-05-04 17:52:04,780.56,795.0,788.89,793.33,781.67,763.89,168.89,176.67,180.0,172.22,159.44,178.33,37,222,2424,6578,787.89,174.445,1404,224
2022-05-04 17:52:10,780.56,792.78,786.67,791.67,781.11,763.33,168.89,176.11,180.0,171.67,158.89,177.78,37,221,2414,6578,786.558,174.1675,1410,224
2022-05-04 17:52:16,780.56,792.78,787.78,791.67,780.56,762.78,168.33,176.11,179.44,171.11,158.33,177.78,37,219,2416,6578,786.67,173.74750000000003,1416,224
2022-05-04 17:52:22,779.44,792.78,788.33,793.89,781.67,765.0,168.33,175.56,179.44,171.11,158.33,177.22,37,221,2419,6578,787.222,173.60999999999999,1422,224
2022-05-04 17:52:28,778.89,792.78,788.33,793.89,782.22,763.33,167.78,175.56,178.89,171.11,157.78,177.22,37,221,2416,6578,787.222,173.335,1428,224
2022-05-04 17:52:34,781.67,795.0,788.89,793.89,781.67,763.89,167.78,175.56,178.89,170.56,157.22,177.22,37,219,2402,6578,788.2239999999999,173.1975,1434,224
2022-05-04 17:52:40,781.67,795.0,787.22,793.33,783.33,763.89,167.78,175.56,178.89,170.56,157.22,177.22,37,220,2413,6578,788.11,173.1975,1440,224
2022-05-04 17:52:46,778.33,791.67,786.11,792.78,780.56,763.33,167.78,175.0,178.89,170.56,157.22,177.22,37,218,2403,6578,785.8900000000001,173.0575,1446,224
2022-05-04 17:52:52,778.33,793.89,787.78,792.22,780.56,763.89,167.78,175.0,178.33,170.56,157.78,176.67,36,220,2420,6578,786.556,172.91750000000002,1452,224
2022-05-04 17:52:58,779.44,795.56,788.33,794.44,780.0,765.56,168.33,175.0,178.33,170.56,158.33,176.67,36,222,2414,6578,787.554,173.055,1458,224
2022-05-04 17:53:04,780.0,792.78,786.67,792.78,780.0,763.33,168.33,175.56,178.89,170.56,158.33,177.22,36,223,2428,6578,786.4459999999999,173.33499999999998,1464,224
2022-05-04 17:53:10,781.67,793.33,788.89,792.78,780.0,765.56,168.33,175.56,179.44,170.56,158.89,177.22,36,218,2401,6578,787.3340000000001,173.47249999999997,1470,224
2022-05-04 17:53:16,781.67,792.78,787.78,796.11,779.44,763.33,168.89,176.11,179.44,170.56,158.89,177.22,35,221,2406,6578,787.5559999999999,173.75,1476,224
2022-05-04 17:53:22,779.44,796.11,788.89,794.44,781.11,765.56,168.89,176.11,179.44,171.11,158.89,177.78,35,221,2426,6578,787.998,173.88750000000002,1482,224
2022-05-04 17:53:28,782.22,793.33,789.44,793.89,782.22,763.89,169.44,176.11,179.44,171.11,159.44,177.78,35,222,2428,6578,788.22,174.025,1488,224
2022-05-04 17:53:34,782.22,796.11,790.56,794.44,782.22,764.44,169.44,176.67,180.0,171.67,159.44,178.33,35,224,2434,6578,789.11,174.445,1494,224
2022-05-04 17:53:40,780.56,796.67,790.56,793.89,782.78,764.44,170.0,176.67,180.0,171.67,159.44,178.33,35,222,2426,6578,788.892,174.58499999999998,1500,224
2022-05-04 17:53:46,779.44,795.0,787.78,793.33,780.0,765.0,170.0,177.22,180.56,171.67,159.44,178.89,35,223,2436,6578,787.11,174.86249999999998,1506,224
2022-05-04 17:53:52,780.0,793.89,787.22,795.0,780.0,766.11,170.0,177.22,180.56,172.22,159.44,178.89,35,220,2421,6578,787.222,175.0,1512,224
2022-05-04 17:53:58,778.89,794.44,786.67,793.33,780.0,763.89,170.0,177.22,180.56,172.22,160.0,178.89,34,220,2414,6578,786.6659999999999,175.0,1518,224
2022-05-04 17:54:04,778.33,793.89,786.67,792.22,780.0,762.78,170.56,177.22,180.56,172.22,160.56,178.89,34,222,2427,6578,786.222,175.14,1524,224
2022-05-04 17:54:10,778.89,793.89,787.22,792.78,779.44,762.78,170.56,177.22,181.11,172.22,160.56,178.89,34,224,2432,6578,786.444,175.2775,1530,224
2022-05-04 17:54:16,780.0,792.22,786.67,792.78,779.44,762.22,170.56,177.22,181.67,172.22,160.56,178.89,34,222,2417,6578,786.222,175.4175,1536,224
2022-05-04 17:54:22,779.44,795.0,788.33,795.0,781.67,762.22,170.56,177.22,182.78,172.22,160.56,178.89,34,221,2422,6578,787.888,175.695,1542,224
2022-05-04 17:54:28,778.33,793.89,788.33,794.44,779.44,762.22,170.56,177.78,183.33,172.22,160.56,178.89,34,223,2437,6578,786.8860000000001,175.97250000000003,1548,224
2022-05-04 17:54:34,778.33,793.33,788.33,794.44,778.89,762.22,170.56,177.78,183.33,172.22,160.56,179.44,33,222,2432,6578,786.664,175.97250000000003,1554,224
2022-05-04 17:54:40,780.0,793.89,786.11,792.22,778.33,763.33,170.56,177.78,183.33,172.22,160.56,179.44,33,223,2433,6578,786.11,175.97250000000003,1560,224
2022-05-04 17:54:46,779.44,793.33,788.89,791.67,781.67,762.22,171.11,177.78,182.78,172.22,160.0,179.44,33,224,2433,6578,787.0,175.9725,1566,224
2022-05-04 17:54:52,780.0,794.44,787.22,791.11,781.11,762.22,171.11,177.78,182.78,172.22,160.0,179.44,33,224,2432,6578,786.7760000000001,175.9725,1572,224
2022-05-04 17:54:58,778.33,792.78,786.67,790.56,780.56,761.67,171.11,177.22,182.78,172.22,160.0,179.44,34,222,2440,6578,785.78,175.8325,1578,224
2022-05-04 17:55:04,778.89,791.11,786.67,790.56,778.33,761.67,171.11,177.22,182.22,172.22,160.0,179.44,34,224,2449,6578,785.112,175.69250000000002,1584,224
2022-05-04 17:55:10,777.78,792.78,788.33,791.67,779.44,761.67,171.11,176.67,182.22,172.22,160.0,178.89,34,226,2450,6578,786.0,175.555,1590,224
2022-05-04 17:55:16,776.11,792.22,785.56,790.0,777.78,760.56,171.11,176.67,181.67,171.67,160.0,178.33,35,227,2446,6578,784.3340000000001,175.27999999999997,1596,224
2022-05-04 17:55:22,777.22,791.11,783.89,790.56,778.33,762.22,170.56,176.11,181.11,171.67,159.44,178.33,35,222,2426,6578,784.222,174.86249999999998,1602,224
2022-05-04 17:55:28,775.56,788.33,783.33,787.78,778.33,758.89,170.56,175.56,180.56,171.11,158.89,177.78,36,219,2426,6578,782.6659999999999,174.44750000000002,1608,224
2022-05-04 17:55:34,768.89,781.11,776.11,781.67,770.0,752.22,169.44,174.44,180.0,170.56,158.33,177.22,36,212,2421,6578,775.556,173.61,1614,224
2022-05-04 17:55:40,767.22,781.67,775.56,780.56,768.33,752.22,168.89,173.89,178.89,170.0,157.22,176.11,36,212,2425,6578,774.6679999999999,172.9175,1620,224
2022-05-04 17:55:46,768.89,780.56,776.67,781.67,769.44,752.78,168.33,173.33,178.89,169.44,157.22,176.11,36,215,2436,6578,775.446,172.4975,1626,224
2022-05-04 17:55:52,766.11,781.11,776.67,780.0,769.44,750.0,168.33,173.33,178.33,169.44,157.22,176.11,36,214,2436,6578,774.6659999999999,172.35750000000002,1632,224
2022-05-04 17:55:58,766.11,780.56,777.22,780.0,769.44,750.56,168.33,173.89,178.33,169.44,157.22,176.67,37,214,2441,6578,774.666,172.4975,1638,224
2022-05-04 17:56:04,768.33,782.22,775.0,781.67,768.33,752.22,168.89,174.44,178.33,170.0,157.22,176.67,37,215,2439,6578,775.11,172.915,1644,224
2022-05-04 17:56:10,767.78,780.56,776.67,780.56,768.33,750.56,168.89,174.44,178.89,170.0,157.78,176.67,37,212,2425,6578,774.78,173.055,1650,224
2022-05-04 17:56:16,769.44,782.78,776.67,782.22,770.0,752.78,168.89,175.0,179.44,170.0,158.33,177.22,37,212,2421,6578,776.222,173.33249999999998,1656,224
2022-05-04 17:56:22,767.78,780.56,777.22,782.78,770.0,752.22,168.89,175.56,179.44,170.56,158.89,177.22,37,212,2427,6578,775.668,173.6125,1662,224
2022-05-04 17:56:28,767.22,783.33,777.22,783.33,770.0,752.78,169.44,175.56,179.44,170.56,159.44,177.78,37,214,2426,6578,776.22,173.75,1668,224
2022-05-04 17:56:34,768.33,780.56,775.0,780.56,768.33,752.22,169.44,175.56,180.0,171.11,159.44,177.78,37,213,2424,6578,774.5559999999999,174.0275,1674,224
2022-05-04 17:56:40,769.44,782.22,776.11,782.22,771.11,753.33,169.44,176.11,180.0,171.11,160.0,177.78,37,213,2421,6578,776.22,174.165,1680,224
2022-05-04 17:56:46,769.44,782.78,776.67,782.22,769.44,750.56,169.44,176.11,180.0,171.11,160.0,178.33,37,215,2435,6578,776.1099999999999,174.165,1686,224
2022-05-04 17:56:52,767.78,783.33,777.78,782.22,769.44,750.56,170.0,176.11,180.56,171.67,160.0,178.33,37,214,2424,6578,776.1100000000001,174.585,1692,224
2022-05-04 17:56:58,769.44,782.78,776.11,782.78,769.44,753.33,170.0,176.67,180.56,171.67,160.0,178.33,37,211,2413,6578,776.1099999999999,174.725,1698,224
2022-05-04 17:57:04,770.0,781.67,775.56,781.67,772.22,753.33,170.0,176.67,180.56,171.67,160.0,178.33,37,212,2409,6578,776.2239999999999,174.725,1704,224
2022-05-04 17:57:10,770.56,783.89,777.22,783.89,772.22,753.89,170.0,177.22,180.56,172.22,160.0,178.89,38,211,2413,6578,777.5559999999999,175.0,1710,224
2022-05-04 17:57:16,768.33,781.67,775.56,781.67,770.56,752.78,170.0,177.22,181.11,172.22,160.56,178.89,38,211,2415,6578,775.558,175.13750000000002,1716,224
2022-05-04 17:57:22,771.11,783.89,778.33,785.0,772.22,755.0,170.56,177.78,181.11,172.78,160.56,179.44,38,213,2428,6578,778.11,175.5575,1722,224
2022-05-04 17:57:28,769.44,782.78,778.89,783.33,771.11,753.33,170.56,177.78,181.11,172.78,161.11,179.44,38,214,2432,6578,777.11,175.5575,1728,224
2022-05-04 17:57:34,768.89,782.22,776.67,782.78,771.11,752.22,171.11,178.33,181.67,172.78,161.67,179.44,38,211,2410,6578,776.3340000000001,175.9725,1734,224
2022-05-04 17:57:40,772.22,784.44,780.0,782.78,772.22,755.0,171.11,178.33,181.67,173.33,161.67,179.44,38,212,2444,6578,778.332,176.11,1740,224
2022-05-04 17:57:46,770.56,783.33,778.33,782.78,771.11,755.0,171.11,178.33,181.67,173.33,162.22,179.44,39,213,2429,6579,777.222,176.11,1746,224
2022-05-04 17:57:52,769.44,782.22,778.89,783.33,770.0,754.44,171.11,178.33,181.67,173.33,162.22,180.0,39,214,2429,6579,776.7760000000001,176.11,1752,224
2022-05-04 17:57:58,769.44,784.44,777.78,782.78,772.22,755.56,171.11,178.33,181.67,173.33,162.22,180.0,39,212,2420,6579,777.332,176.11,1758,224
2022-05-04 17:58:04,767.78,781.67,776.67,783.89,770.56,752.22,170.56,177.78,181.11,173.33,162.22,180.0,39,212,2420,6579,776.1139999999999,175.69500000000002,1764,224
2022-05-04 17:58:10,770.0,785.56,779.44,784.44,772.22,755.0,170.56,177.78,181.11,173.33,161.67,180.0,39,216,2457,6579,778.332,175.69500000000002,1770,224
2022-05-04 17:58:16,768.89,782.78,778.33,781.67,770.0,755.0,170.56,177.78,181.11,173.33,161.11,178.89,39,212,2440,6579,776.3340000000001,175.69500000000002,1776,224
2022-05-04 17:58:22,770.56,782.22,778.89,782.78,770.0,752.78,170.56,177.78,181.11,173.33,161.11,178.89,40,214,2432,6579,776.89,175.69500000000002,1782,224
2022-05-04 17:58:28,766.67,781.11,774.44,781.67,769.44,751.67,170.56,177.22,181.11,173.33,160.56,178.89,40,206,2413,6579,774.666,175.555,1788,224
2022-05-04 17:58:34,762.78,774.44,768.33,776.11,762.22,746.11,170.0,177.22,181.11,172.78,160.56,178.89,40,198,2390,6579,768.7760000000001,175.2775,1794,224
2022-05-04 17:58:40,760.56,773.89,767.22,775.0,760.56,745.56,169.44,176.67,180.56,172.22,160.56,178.33,40,202,2430,6579,767.446,174.72250000000003,1800,224
2022-05-04 17:58:46,760.56,775.56,767.22,773.33,760.0,745.0,169.44,176.67,180.56,172.22,161.11,178.33,39,200,2423,6579,767.3340000000001,174.72250000000003,1806,224
2022-05-04 17:58:52,761.67,773.89,766.67,774.44,759.44,745.56,169.44,176.11,180.0,172.22,161.67,177.78,39,201,2439,6579,767.222,174.4425,1812,224
2022-05-04 17:58:58,758.89,773.33,766.11,772.78,758.89,744.44,168.89,176.11,180.0,171.67,161.67,177.22,39,201,2429,6579,765.9999999999999,174.1675,1818,224
2022-05-04 17:59:04,761.67,772.78,765.56,771.67,758.89,746.11,168.89,175.56,180.0,171.67,161.11,177.22,39,200,2436,6579,766.1139999999999,174.03,1824,224
2022-05-04 17:59:10,760.0,775.0,765.56,771.67,758.33,746.11,168.33,175.56,179.44,171.67,160.56,176.67,39,200,2431,6579,766.112,173.74999999999997,1830,224
2022-05-04 17:59:16,760.0,772.22,765.0,771.67,760.0,744.44,167.78,175.0,178.89,171.11,160.0,176.11,39,201,2424,6579,765.778,173.195,1836,224
2022-05-04 17:59:22,758.89,773.33,765.56,771.67,760.0,744.44,167.78,174.44,178.89,170.56,159.44,176.11,39,201,2429,6579,765.89,172.91750000000002,1842,224
2022-05-04 17:59:28,758.33,774.44,765.0,771.11,757.78,746.11,167.22,173.89,178.33,170.56,158.89,175.56,40,200,2427,6579,765.332,172.5,1848,224
2022-05-04 17:59:34,758.33,774.44,767.22,773.33,757.22,746.11,166.67,173.89,178.33,170.0,158.33,175.0,40,200,2422,6579,766.108,172.2225,1854,224
2022-05-04 17:59:40,759.44,772.78,765.0,771.11,758.89,743.89,166.11,173.33,177.78,170.0,157.78,174.44,40,199,2413,6579,765.4440000000001,171.805,1860,224
2022-05-04 17:59:46,760.56,772.78,764.44,772.78,757.78,745.0,166.11,172.78,177.78,169.44,157.22,174.44,40,200,2428,6579,765.6679999999999,171.52749999999997,1866,224
2022-05-04 17:59:52,758.89,773.89,766.67,773.33,758.33,745.56,165.56,172.78,177.22,169.44,157.22,173.89,40,199,2419,6579,766.222,171.25,1872,224
2022-05-04 17:59:58,758.89,772.78,766.67,773.33,757.78,745.0,165.56,172.78,177.22,168.89,156.67,173.89,40,196,2412,6579,765.89,171.1125,1878,224
2022-05-04 18:00:04,752.22,768.33,757.22,765.56,750.0,738.89,165.56,172.78,176.67,168.89,156.67,173.33,41,181,2400,6579,758.666,170.975,1884,224
2022-05-04 18:00:10,748.89,766.11,752.78,762.78,746.67,736.67,164.44,171.67,176.11,168.33,156.67,172.78,41,181,2405,6579,755.4459999999999,170.13750000000002,1890,224
2022-05-04 18:00:16,748.33,766.67,750.56,760.56,745.56,736.67,163.89,171.11,175.56,167.78,156.67,171.67,41,184,2418,6579,754.336,169.585,1896,224
2022-05-04 18:00:22,748.33,766.67,750.56,760.0,745.56,735.56,163.33,170.56,175.0,167.22,156.67,171.11,41,181,2411,6579,754.2239999999999,169.0275,1902,224
2022-05-04 18:00:28,747.78,763.89,750.0,758.89,744.44,733.89,162.22,170.0,174.44,166.67,156.11,170.0,41,181,2406,6579,753.0,168.3325,1908,224
2022-05-04 18:00:34,748.89,763.89,750.0,761.11,743.89,734.44,161.67,169.44,173.89,166.11,155.56,169.44,42,183,2408,6579,753.5559999999999,167.7775,1914,224
2022-05-04 18:00:40,749.44,763.89,751.11,759.44,743.33,736.11,161.11,168.89,173.33,165.56,155.0,168.89,43,181,2409,6579,753.442,167.22250000000003,1920,224
2022-05-04 18:00:46,743.89,760.0,746.11,756.11,740.0,732.78,160.56,168.33,172.78,165.0,154.44,168.33,43,172,2410,6579,749.222,166.6675,1926,224
2022-05-04 18:00:52,742.78,757.22,744.44,753.89,737.78,732.22,160.0,167.78,172.22,164.44,153.89,167.22,43,172,2426,6579,747.222,166.11,1932,224
2022-05-04 18:00:58,736.67,751.11,738.33,748.33,733.89,726.67,159.44,167.22,171.67,163.89,152.78,166.67,43,160,2398,6579,741.6659999999999,165.55499999999998,1938,224
2022-05-04 18:01:04,735.56,747.78,735.0,747.78,732.78,722.78,158.33,166.11,170.56,163.33,152.22,165.56,44,160,2401,6579,739.78,164.5825,1944,224
2022-05-04 18:01:10,730.0,740.56,730.0,740.0,729.44,715.0,157.22,165.56,170.0,162.22,151.11,165.56,44,152,2418,6579,734.0,163.75,1950,224
2022-05-04 18:01:16,725.0,735.0,725.56,733.33,727.78,711.11,156.11,163.89,168.89,161.11,150.56,164.44,44,142,2389,6579,729.3340000000001,162.5,1956,224
2022-05-04 18:01:22,720.56,727.78,718.33,727.78,727.22,703.89,154.44,162.78,167.78,160.0,149.44,162.78,44,139,2392,6579,724.3340000000001,161.25,1962,224
2022-05-04 18:01:28,718.89,723.89,715.0,725.56,725.0,701.67,153.33,161.11,166.67,158.89,148.33,161.11,45,138,2394,6579,721.6679999999999,160.0,1968,224
2022-05-04 18:01:34,716.11,721.11,713.33,721.67,723.33,700.0,152.22,160.0,166.11,158.33,147.78,160.0,45,136,2390,6579,719.11,159.16500000000002,1974,224
2022-05-04 18:01:40,716.11,722.22,712.22,723.89,724.44,700.0,151.11,158.89,165.0,157.22,147.22,158.89,45,136,2390,6579,719.7760000000001,158.055,1980,224
2022-05-04 18:01:46,714.44,722.22,711.11,723.89,722.78,702.22,150.56,157.78,164.44,156.67,146.67,157.78,45,137,2398,6579,718.8879999999999,157.3625,1986,224
2022-05-04 18:01:52,716.11,720.56,710.56,723.89,722.78,698.89,150.0,157.22,163.89,156.11,146.67,157.22,45,134,2375,6579,718.78,156.805,1992,224
2022-05-04 18:01:58,713.89,720.0,708.89,721.67,722.22,700.56,149.44,156.67,163.89,155.56,146.11,156.67,45,134,2345,6579,717.3340000000001,156.39,1998,224
2022-05-04 18:02:04,712.22,718.33,707.22,720.0,722.22,698.89,148.89,156.67,163.33,155.56,146.11,156.11,44,134,2311,6579,715.9980000000002,156.1125,2004,224
2022-05-04 18:02:10,712.78,717.22,707.22,722.22,723.33,698.33,148.89,156.67,163.33,155.56,146.11,156.11,44,136,2313,6579,716.5540000000001,156.1125,2010,224
2022-05-04 18:02:16,713.89,719.44,707.22,722.78,723.89,701.11,148.89,156.11,163.33,155.56,146.11,155.56,45,135,2326,6579,717.444,155.97250000000003,2016,224
2022-05-04 18:02:22,712.22,717.78,707.22,721.11,723.89,698.89,148.33,156.11,163.33,155.56,146.67,155.56,45,134,2294,6579,716.4440000000001,155.83250000000004,2022,224
2022-05-04 18:02:28,712.78,718.89,707.22,723.33,724.44,699.44,148.33,156.11,163.33,155.56,147.22,155.56,45,134,2283,6579,717.3320000000001,155.83250000000004,2028,224
2022-05-04 18:02:34,713.89,718.89,707.22,723.89,724.44,699.44,148.33,156.11,163.33,156.11,147.22,155.56,45,133,2256,6579,717.6659999999999,155.97000000000003,2034,224
2022-05-04 18:02:40,714.44,718.89,710.56,725.56,726.67,702.78,148.89,156.11,163.89,156.11,147.78,155.56,45,133,2259,6579,719.2239999999999,156.25,2040,224
2022-05-04 18:02:46,714.44,720.0,710.56,726.67,727.22,702.78,148.89,156.11,164.44,156.67,148.33,156.11,45,135,2270,6579,719.778,156.5275,2046,224
2022-05-04 18:02:52,713.33,720.0,710.56,725.56,728.33,703.33,148.89,155.56,164.44,156.67,148.89,156.11,45,134,2247,6579,719.5559999999999,156.39,2052,224
2022-05-04 18:02:58,716.11,721.11,712.22,725.56,730.0,703.89,149.44,155.56,165.0,157.22,148.89,156.67,46,133,2238,6579,721.0,156.805,2058,224
2022-05-04 18:03:04,717.22,720.0,713.33,726.11,731.11,704.44,149.44,155.56,165.56,157.78,149.44,157.22,46,134,2217,6579,721.5540000000001,157.085,2064,224
2022-05-04 18:03:10,717.22,720.0,714.44,728.89,731.67,706.11,150.0,155.0,165.56,158.33,150.0,157.78,46,133,2231,6579,722.444,157.2225,2070,224
2022-05-04 18:03:16,710.0,713.89,710.56,720.56,728.89,698.89,150.0,155.0,166.67,158.89,150.56,157.78,46,117,2154,6579,716.78,157.64,2076,224
2022-05-04 18:03:22,708.89,710.0,710.56,719.44,728.89,698.33,150.56,155.0,166.67,158.89,151.11,158.33,46,117,2156,6579,715.5559999999999,157.78,2082,224
2022-05-04 18:03:28,705.56,705.0,707.78,715.56,726.11,695.0,150.56,154.44,166.67,158.89,151.67,158.33,47,106,2116,6579,712.0020000000001,157.64,2088,224
2022-05-04 18:03:34,710.0,708.33,706.11,717.22,726.11,702.78,150.0,153.89,166.67,158.89,151.67,158.33,47,85,2013,6579,713.554,157.36249999999998,2094,224
2022-05-04 18:03:40,707.78,706.11,700.0,713.33,720.0,700.0,149.44,153.33,166.11,157.78,151.67,157.22,48,69,1965,6579,709.444,156.665,2100,224
2022-05-04 18:03:46,695.56,690.0,678.33,698.33,683.89,683.89,147.78,152.22,165.56,157.22,151.11,156.11,48,55,1783,6579,689.222,155.695,2106,224
2022-05-04 18:03:52,691.11,681.11,669.44,686.67,667.22,681.11,146.67,150.56,163.89,155.56,150.56,154.44,48,46,1588,6580,679.11,154.17000000000002,2112,224
2022-05-04 18:03:58,685.56,669.44,658.33,671.11,669.44,691.67,144.44,148.33,161.67,153.89,149.44,152.22,49,43,1400,6580,670.7760000000001,152.08249999999998,2118,224
2022-05-04 18:04:04,638.89,647.78,645.0,654.44,625.56,648.89,141.67,146.11,159.44,152.22,148.33,149.44,49,27,1171,6580,642.3340000000001,149.85999999999999,2124,224
2022-05-04 18:04:10,608.89,611.11,594.44,630.0,545.0,603.33,139.44,143.89,157.78,150.56,146.67,147.22,50,15,900,6580,597.888,147.91750000000002,2130,224
2022-05-04 18:04:16,578.33,602.22,566.67,597.22,487.78,572.22,137.22,142.22,155.56,148.89,145.56,145.56,50,17,797,6580,566.4440000000001,145.9725,2136,224
2022-05-04 18:04:22,556.67,568.89,531.67,570.56,470.0,558.33,135.56,141.11,154.44,147.22,144.44,143.89,51,20,716,6580,539.558,144.5825,2142,224
2022-05-04 18:04:28,545.56,534.44,522.78,556.11,474.44,537.78,134.44,140.56,153.89,146.67,143.89,142.78,51,8,597,6580,526.6659999999999,143.89,2148,224
2022-05-04 18:04:34,530.0,491.11,516.11,523.33,492.22,503.33,133.89,140.0,153.33,146.11,143.33,142.22,51,20,893,6580,510.5540000000001,143.3325,2154,224
2022-05-04 18:04:40,556.67,555.56,543.89,577.78,525.0,559.44,133.33,139.44,153.33,146.11,143.33,141.67,51,19,973,6580,551.78,143.0525,2160,224
2022-05-04 18:04:46,567.22,576.11,555.0,595.56,537.78,580.56,133.33,139.44,153.33,146.11,143.33,141.67,51,19,976,6580,566.3340000000001,143.0525,2166,224
2022-05-04 18:04:52,570.56,584.44,556.67,600.56,542.78,587.78,133.33,140.56,153.89,146.11,143.33,142.22,51,19,981,6580,571.0020000000001,143.4725,2172,224
2022-05-04 18:04:58,570.56,590.0,560.0,605.0,543.89,594.44,133.33,140.56,153.89,146.67,143.33,142.22,52,20,982,6580,573.89,143.61249999999998,2178,224
2022-05-04 18:05:04,572.78,591.11,561.11,606.67,543.89,597.78,132.78,140.56,153.89,146.67,142.78,142.22,52,19,985,6580,575.112,143.475,2184,224
2022-05-04 18:05:10,570.0,588.33,559.44,606.67,542.22,598.33,132.22,140.56,153.89,146.67,142.78,142.22,52,20,974,6580,573.332,143.33499999999998,2190,224
2022-05-04 18:05:16,570.0,590.56,557.22,605.0,543.89,598.33,132.22,140.56,153.33,146.11,142.22,141.67,52,20,975,6580,573.334,143.055,2196,224
2022-05-04 18:05:22,571.11,586.67,556.67,603.89,542.78,594.44,131.67,140.56,152.78,146.11,141.67,141.67,52,23,1013,6580,572.2239999999999,142.78,2202,224
2022-05-04 18:05:28,572.78,582.22,556.11,602.22,545.56,590.0,131.67,140.56,152.78,145.56,141.11,141.11,52,23,1014,6580,571.778,142.64249999999998,2208,224
2022-05-04 18:05:34,576.11,575.56,558.89,593.89,553.33,586.11,131.11,140.56,152.22,145.56,141.11,140.56,52,28,1050,6580,571.5559999999999,142.3625,2214,224
2022-05-04 18:05:40,576.11,572.22,558.33,591.11,556.11,581.67,130.56,140.0,152.22,145.0,140.56,140.56,53,28,1050,6580,570.7760000000001,141.945,2220,224
2022-05-04 18:05:46,574.44,569.44,560.56,590.0,557.78,582.22,130.56,140.0,151.67,145.0,140.56,140.0,53,28,1044,6580,570.4440000000001,141.8075,2226,224
2022-05-04 18:05:52,574.44,568.33,560.56,588.33,556.11,583.33,130.0,140.0,151.11,144.44,140.0,139.44,53,28,1040,6580,569.554,141.3875,2232,224
2022-05-04 18:05:58,572.78,567.22,558.33,586.11,555.56,583.89,129.44,139.44,150.56,143.89,139.44,138.89,53,29,1034,6580,568.0,140.83249999999998,2238,224
2022-05-04 18:06:04,572.22,565.56,560.0,584.44,552.78,580.56,128.89,139.44,150.0,143.89,139.44,138.89,53,29,1035,6580,567.0,140.555,2244,224
2022-05-04 18:06:10,565.0,558.33,556.11,576.11,552.78,583.89,128.33,138.89,150.0,143.33,138.89,138.33,53,29,907,6580,561.6659999999999,140.13750000000002,2250,224
2022-05-04 18:06:16,555.0,546.11,548.33,567.78,550.56,586.67,127.78,138.89,148.89,142.78,138.33,137.22,53,29,896,6580,553.556,139.58499999999998,2256,224
2022-05-04 18:06:22,551.67,543.33,542.78,564.44,546.67,588.33,127.22,138.33,148.33,142.22,137.78,136.67,53,28,919,6580,549.778,139.025,2262,224
2022-05-04 18:06:28,552.78,540.0,541.67,562.78,545.0,585.56,126.67,137.78,147.78,141.67,137.22,136.11,53,27,934,6580,548.4459999999999,138.475,2268,224
2022-05-04 18:06:34,551.67,540.0,540.56,560.56,544.44,578.33,126.11,137.78,147.22,141.67,136.67,135.56,53,26,952,6580,547.446,138.195,2274,224
2022-05-04 18:06:40,551.67,539.44,540.56,560.56,547.22,577.22,125.56,137.22,146.67,141.11,136.11,135.0,53,27,947,6580,547.89,137.64,2280,224
2022-05-04 18:06:46,550.0,538.89,539.44,560.0,548.33,581.67,125.0,137.22,146.11,140.56,135.56,135.0,53,27,935,6580,547.332,137.22250000000003,2286,224
2022-05-04 18:06:52,550.56,537.22,540.0,560.0,546.11,582.78,124.44,137.22,145.56,140.0,135.0,134.44,53,26,941,6580,546.778,136.805,2292,224
2022-05-04 18:06:58,549.44,537.78,538.89,558.89,542.22,581.11,123.89,136.67,145.0,139.44,134.44,133.89,53,27,940,6580,545.4440000000001,136.25,2298,224
2022-05-04 18:07:04,549.44,537.22,540.56,556.67,543.33,582.22,123.33,136.67,144.44,139.44,133.89,133.33,53,27,939,6580,545.444,135.97,2304,224
2022-05-04 18:07:10,548.33,536.67,541.67,556.67,543.89,582.22,123.33,136.11,143.89,138.89,133.33,133.33,53,26,907,6580,545.446,135.555,2310,224
2022-05-04 18:07:16,542.78,532.22,529.44,552.78,539.44,581.67,122.78,136.11,143.89,138.33,132.78,132.78,53,27,875,6580,539.3320000000001,135.2775,2316,224
2022-05-04 18:07:22,544.44,538.33,533.89,556.67,537.78,576.67,122.22,135.56,143.33,138.33,132.78,132.22,53,23,985,6580,542.222,134.86,2322,224
2022-05-04 18:07:28,548.89,545.56,536.67,563.89,540.0,576.11,121.67,135.56,142.78,137.78,132.22,132.22,53,24,983,6580,547.002,134.4475,2328,224
2022-05-04 18:07:34,551.67,548.89,538.33,565.0,537.22,575.56,121.67,135.56,142.78,137.78,131.67,131.67,53,24,985,6580,548.222,134.4475,2334,224
2022-05-04 18:07:40,552.78,550.0,539.44,565.0,537.22,570.56,121.67,135.56,142.22,137.22,131.67,131.67,53,24,987,6580,548.8880000000001,134.16750000000002,2340,224
2022-05-04 18:07:46,548.33,536.11,533.33,552.22,531.67,572.78,121.11,135.56,142.22,137.22,131.11,131.67,53,26,804,6580,540.332,134.0275,2346,224
2022-05-04 18:07:52,542.78,521.11,521.67,537.78,524.44,537.78,120.56,135.0,141.67,136.67,130.56,130.56,53,25,801,6580,529.556,133.475,2352,224
2022-05-04 18:07:58,535.56,513.89,516.67,532.22,518.33,543.89,120.0,135.0,141.11,136.67,130.56,130.0,53,24,813,6580,523.3340000000001,133.195,2358,224
2022-05-04 18:08:04,538.89,512.78,512.78,532.22,526.11,560.56,120.0,134.44,140.56,136.67,130.0,129.44,53,24,826,6580,524.556,132.9175,2364,224
2022-05-04 18:08:10,540.56,512.22,508.33,529.44,521.67,557.78,119.44,134.44,140.56,136.11,130.0,129.44,53,22,806,6580,522.4440000000001,132.6375,2370,224
2022-05-04 18:08:16,529.44,507.78,502.78,524.44,509.44,558.89,118.89,134.44,140.0,136.11,129.44,128.89,53,21,788,6580,514.7760000000001,132.36,2376,224
2022-05-04 18:08:22,525.56,502.78,498.89,522.78,504.44,569.44,118.33,133.89,140.0,135.56,128.89,128.33,53,21,784,6580,510.89000000000004,131.945,2382,224
2022-05-04 18:08:28,523.33,501.11,497.78,520.56,506.11,565.56,118.33,133.89,139.44,135.56,128.89,127.78,53,22,780,6580,509.77799999999996,131.805,2388,224
