date,EGT1,EGT2,EGT3,EGT4,EGT5,EGT6,CHT1,CHT2,CHT3,CHT4,CHT5,CHT6,CRB,CLD,OILT,MARK,OILP,VOLT,OAT,USD,FF,HP,MAP,RPM,HOURS,GSPD
2022-09-14 21:22:40,565.56,561.67,543.89,570.0,547.22,580.56,103.89,111.11,121.67,117.78,111.11,107.78,-17.78,-17.78,-17.78,0,0,280,66,94,53,0,0,1114,6849,0
2022-09-14 21:22:46,571.11,571.11,551.11,578.33,555.56,586.11,104.44,111.11,122.22,117.78,110.56,107.78,-17.78,-17.78,-17.78,0,0,280,65,94,53,0,0,1130,6849,0
2022-09-14 21:22:52,570.0,576.67,560.0,582.22,560.0,600.0,104.44,111.11,122.78,117.78,110.56,108.33,-17.78,-17.78,-17.78,0,0,280,65,94,53,0,0,1111,6849,0
2022-09-14 21:22:58,575.56,582.22,560.56,586.67,563.33,587.22,105.0,111.67,122.78,117.78,110.56,108.33,-17.78,-17.78,-17.78,0,0,280,64,94,53,0,0,1091,6849,0
2022-09-14 21:23:04,576.67,583.89,567.22,590.56,567.78,597.22,105.0,111.67,122.78,118.33,110.56,108.89,-17.78,-17.78,-17.78,0,0,280,64,94,53,0,0,1099,6849,0
2022-09-14 21:23:10,577.78,586.67,572.78,592.78,570.56,593.33,105.56,112.22,122.78,118.33,110.56,108.89,-17.78,-17.78,-17.78,0,0,280,64,94,54,0,0,1098,6849,0
2022-09-14 21:23:16,581.11,589.44,575.0,596.11,572.78,592.78,105.56,112.22,122.78,118.33,111.11,108.89,-17.78,-17.78,-17.78,0,0,280,64,94,54,0,0,1095,6849,0
2022-09-14 21:23:22,588.33,591.11,573.33,600.56,573.89,607.22,105.56,112.78,123.33,118.33,111.11,109.44,-17.78,-17.78,-17.78,0,0,282,64,94,52,0,0,1119,6849,0
2022-09-14 21:23:28,592.22,597.78,576.67,605.0,575.0,611.67,106.11,112.78,123.33,118.89,111.67,109.44,-17.78,-17.78,-17.78,0,0,282,64,95,53,0,0,1146,6849,0
2022-09-14 21:23:34,596.67,603.89,582.22,612.22,583.89,621.67,106.67,113.33,123.33,118.89,111.67,110.0,-17.78,-17.78,-17.78,0,0,282,64,95,52,0,0,1115,6849,0
2022-09-14 21:23:40,596.67,603.89,581.11,609.44,581.67,623.89,106.67,113.33,123.89,118.89,112.22,110.56,-17.78,-17.78,-17.78,0,0,280,63,95,53,0,0,1147,6849,2
2022-09-14 21:23:46,597.78,601.67,583.89,605.0,584.44,620.0,107.22,113.89,124.44,119.44,112.22,110.56,-17.78,-17.78,-17.78,0,0,282,63,95,53,0,0,1156,6849,4
2022-09-14 21:23:52,600.56,603.89,586.67,605.0,585.0,617.22,107.22,113.89,124.44,120.0,112.78,111.11,-17.78,-17.78,-17.78,0,0,282,63,95,53,0,0,1043,6849,4
2022-09-14 21:23:58,590.56,598.89,582.22,610.0,578.89,606.67,107.22,114.44,124.44,120.0,112.78,111.11,-17.78,-17.78,-17.78,0,0,282,63,95,52,0,0,1021,6849,0
2022-09-14 21:24:04,587.22,596.11,583.89,602.78,575.56,584.44,107.78,114.44,124.44,120.0,113.33,111.11,-17.78,-17.78,-17.78,0,0,282,63,95,52,0,0,1033,6849,0
2022-09-14 21:24:10,591.11,589.44,579.44,607.78,574.44,587.22,107.78,114.44,124.44,120.0,113.33,111.11,-17.78,-17.78,-17.78,0,0,280,63,95,52,0,0,1008,6849,0
2022-09-14 21:24:16,596.11,594.44,584.44,605.0,575.56,577.78,107.78,115.0,124.44,120.0,113.33,111.11,-17.78,-17.78,-17.78,0,0,280,63,95,53,0,0,1035,6849,0
2022-09-14 21:24:22,593.89,595.56,580.56,609.44,580.0,586.11,108.33,115.0,124.44,120.0,113.89,111.11,-17.78,-17.78,-17.78,0,0,282,63,95,52,0,0,1041,6849,0
2022-09-14 21:24:28,595.0,597.22,586.11,609.44,582.78,586.67,108.33,115.0,124.44,120.0,113.89,111.11,-17.78,-17.78,-17.78,0,0,282,63,95,60,0,0,1178,6849,0
2022-09-14 21:24:34,625.56,626.67,610.0,636.11,618.89,616.11,109.44,115.56,125.0,120.56,113.89,111.67,-17.78,-17.78,-17.78,0,0,282,63,96,99,0,0,1752,6849,0
2022-09-14 21:24:40,632.22,630.56,620.0,638.33,631.11,620.0,111.67,117.22,126.67,121.67,113.89,113.33,-17.78,-17.78,-17.78,0,0,282,63,96,110,0,0,1804,6849,0
2022-09-14 21:24:46,635.56,636.67,624.44,638.89,637.78,632.78,113.33,118.89,127.78,122.78,114.44,115.0,-17.78,-17.78,-17.78,0,0,282,63,96,65,0,0,1265,6849,0
2022-09-14 21:24:52,618.33,607.78,606.11,625.56,606.67,591.11,113.33,118.89,128.33,123.33,115.0,114.44,-17.78,-17.78,-17.78,0,0,280,63,96,58,0,0,1052,6849,0
2022-09-14 21:24:58,613.33,607.22,599.44,621.67,601.11,609.44,113.33,118.33,127.22,122.22,115.56,113.89,-17.78,-17.78,-17.78,0,0,280,64,96,57,0,0,1096,6849,0
2022-09-14 21:25:04,613.33,610.0,598.33,620.56,596.67,595.56,113.33,117.78,127.22,122.22,115.56,113.89,-17.78,-17.78,-17.78,0,0,280,64,96,57,0,0,1084,6849,0
2022-09-14 21:25:10,611.67,613.33,596.67,619.44,597.78,600.0,112.78,117.78,127.22,122.22,116.11,113.33,-17.78,-17.78,-17.78,0,0,280,64,96,57,0,0,1073,6849,0
2022-09-14 21:25:16,612.78,609.44,597.22,618.89,597.22,602.22,112.78,117.78,127.22,122.22,116.11,113.33,-17.78,-17.78,-17.78,0,0,280,64,96,57,0,0,1079,6849,0
2022-09-14 21:25:22,610.56,610.0,599.44,621.67,593.89,596.11,112.78,117.78,127.22,122.22,116.67,113.33,-17.78,-17.78,-17.78,0,0,280,64,96,56,0,0,1089,6849,0
2022-09-14 21:25:28,610.0,610.56,600.56,619.44,594.44,587.78,112.78,117.78,127.22,122.22,116.67,112.78,-17.78,-17.78,-17.78,0,0,280,64,97,57,0,0,1088,6849,0
2022-09-14 21:25:34,607.22,609.44,602.22,618.33,592.78,595.56,112.78,117.78,127.22,121.67,117.22,112.78,-17.78,-17.78,-17.78,0,0,280,64,97,57,0,0,1090,6849,0
2022-09-14 21:25:40,607.78,612.22,598.33,620.0,592.22,610.56,112.78,117.78,127.78,121.67,117.22,112.78,-17.78,-17.78,-17.78,0,0,280,64,97,57,0,0,1095,6849,0
2022-09-14 21:25:46,610.0,611.11,597.22,616.67,593.33,587.78,112.78,117.78,127.78,121.67,117.22,112.78,-17.78,-17.78,-17.78,0,0,280,64,97,57,0,0,1084,6849,0
2022-09-14 21:25:52,608.89,612.22,602.22,615.56,595.56,588.33,113.33,117.78,127.78,121.67,117.22,112.22,-17.78,-17.78,-17.78,0,0,281,64,97,57,0,0,1076,6849,0
2022-09-14 21:25:58,607.22,605.0,602.22,619.44,597.22,592.78,113.33,117.22,127.78,121.67,117.78,112.22,-17.78,-17.78,-17.78,0,0,281,64,97,57,0,0,1085,6849,0
2022-09-14 21:26:04,607.22,608.33,600.56,616.67,597.22,595.0,113.89,117.22,127.78,121.67,117.78,111.67,-17.78,-17.78,-17.78,0,0,281,64,97,57,0,0,1078,6849,0
2022-09-14 21:26:10,611.11,610.0,598.89,618.89,596.11,615.56,113.89,117.22,127.78,121.67,117.78,111.67,-17.78,-17.78,-17.78,0,0,281,64,97,56,0,0,1084,6849,0
2022-09-14 21:26:16,609.44,610.56,602.22,619.44,600.56,605.56,113.89,117.22,127.78,121.67,117.78,111.67,-17.78,-17.78,-17.78,0,0,281,64,97,57,0,0,1084,6849,0
2022-09-14 21:26:22,609.44,611.67,605.0,621.11,600.56,615.56,113.89,117.22,127.78,121.11,117.78,111.67,-17.78,-17.78,-17.78,0,0,281,64,97,56,0,0,1089,6849,0
2022-09-14 21:26:28,611.11,611.67,605.56,624.44,596.67,614.44,113.89,116.67,127.78,121.11,117.78,111.11,-17.78,-17.78,-17.78,0,0,278,64,97,56,0,0,1063,6849,0
2022-09-14 21:26:34,609.44,608.89,601.11,621.11,594.44,581.11,113.89,116.67,127.78,121.11,117.78,111.11,-17.78,-17.78,-17.78,0,0,281,64,98,57,0,0,1042,6849,0
2022-09-14 21:26:40,606.11,612.78,603.89,624.44,593.33,594.44,113.89,116.67,127.78,121.11,117.78,111.11,-17.78,-17.78,-17.78,0,0,281,64,98,56,0,0,1052,6849,0
2022-09-14 21:26:46,608.33,608.33,606.67,620.0,593.89,571.67,114.44,116.67,127.22,121.11,117.78,111.11,-17.78,-17.78,-17.78,0,0,281,64,98,57,0,0,1066,6849,0
2022-09-14 21:26:52,603.89,611.67,602.78,621.67,593.89,603.89,114.44,116.11,127.22,120.56,117.78,110.56,-17.78,-17.78,-17.78,0,0,281,64,98,57,0,0,1056,6849,0
2022-09-14 21:26:58,607.22,611.67,603.33,621.67,596.11,599.44,114.44,116.11,127.22,120.56,117.78,110.56,-17.78,-17.78,-17.78,0,0,281,64,98,57,0,0,1048,6849,0
2022-09-14 21:27:04,610.56,607.22,605.0,619.44,591.11,577.22,114.44,116.11,127.22,120.56,117.78,110.56,-17.78,-17.78,-17.78,0,0,281,64,98,57,0,0,1043,6849,0
2022-09-14 21:27:10,611.11,607.22,605.0,620.0,595.56,576.11,114.44,116.11,126.67,120.56,117.78,110.0,-17.78,-17.78,-17.78,0,0,281,64,98,56,0,0,1059,6849,0
2022-09-14 21:27:16,608.89,612.22,607.22,618.89,597.22,570.0,114.44,115.56,126.67,120.56,117.22,110.0,-17.78,-17.78,-17.78,0,0,281,64,98,56,0,0,1074,6849,1
2022-09-14 21:27:22,612.78,613.33,606.11,622.78,598.89,595.0,114.44,115.56,126.67,120.0,117.22,110.0,-17.78,-17.78,-17.78,0,0,281,64,98,56,0,0,1084,6849,3
2022-09-14 21:27:28,617.22,617.22,607.22,624.44,601.11,606.67,114.44,115.0,126.67,120.0,117.22,109.44,-17.78,-17.78,-17.78,0,0,281,64,98,57,0,0,1099,6849,4
2022-09-14 21:27:34,616.11,617.22,607.22,626.67,603.33,619.44,114.44,115.0,126.67,120.0,117.22,109.44,-17.78,-17.78,-17.78,0,0,281,64,98,57,0,0,1108,6849,5
2022-09-14 21:27:40,611.67,611.67,605.56,626.67,599.44,594.44,114.44,115.0,126.67,119.44,117.22,109.44,-17.78,-17.78,-17.78,0,0,279,64,99,56,0,0,1047,6849,6
2022-09-14 21:27:46,604.44,606.67,602.22,617.78,589.44,580.56,114.44,115.0,126.11,119.44,117.78,109.44,-17.78,-17.78,-17.78,0,0,279,64,99,54,0,0,995,6849,6
2022-09-14 21:27:52,603.33,593.89,598.89,614.44,583.89,583.89,113.89,114.44,126.11,119.44,117.78,108.89,-17.78,-17.78,-17.78,0,0,279,64,99,55,0,0,1004,6849,5
2022-09-14 21:27:58,601.67,597.78,598.33,614.44,583.89,565.0,113.89,114.44,126.11,119.44,117.78,108.89,-17.78,-17.78,-17.78,0,0,281,64,99,54,0,0,1001,6849,6
2022-09-14 21:28:04,605.0,598.89,600.56,620.0,578.33,585.56,113.33,114.44,126.11,118.89,117.78,108.89,-17.78,-17.78,-17.78,0,0,281,64,99,54,0,0,1012,6849,6
2022-09-14 21:28:10,603.89,602.22,600.56,620.56,587.22,578.89,113.33,114.44,125.56,118.89,117.78,108.33,-17.78,-17.78,-17.78,0,0,281,64,99,54,0,0,1016,6849,7
2022-09-14 21:28:16,602.78,608.33,601.11,622.78,586.67,589.44,113.33,114.44,125.56,118.89,117.78,108.33,-17.78,-17.78,-17.78,0,0,281,64,99,55,0,0,1007,6849,7
2022-09-14 21:28:22,605.56,615.0,600.56,623.89,585.0,593.33,113.33,114.44,125.56,118.89,117.78,108.33,-17.78,-17.78,-17.78,0,0,281,64,99,54,0,0,1012,6849,4
2022-09-14 21:28:28,605.0,609.44,600.56,625.0,587.78,571.67,113.33,114.44,125.56,118.89,117.78,108.33,-17.78,-17.78,-17.78,0,0,279,64,100,55,0,0,1018,6849,0
2022-09-14 21:28:34,605.0,608.89,601.67,627.22,586.11,584.44,113.33,114.44,125.56,118.89,117.22,108.33,-17.78,-17.78,-17.78,0,0,281,64,100,55,0,0,1016,6849,0
2022-09-14 21:28:40,611.11,613.89,607.78,626.11,601.67,592.78,112.78,114.44,125.56,118.89,117.22,107.78,-17.78,-17.78,-17.78,0,0,281,64,100,206,0,0,2081,6849,2
2022-09-14 21:28:46,698.33,706.67,692.78,704.44,690.56,683.33,117.22,117.22,128.89,121.11,116.67,111.67,-17.78,-17.78,-17.78,0,0,281,64,100,363,0,0,2508,6849,24
2022-09-14 21:28:52,716.11,730.56,718.33,727.22,714.44,704.44,123.89,122.78,134.44,125.56,117.78,117.78,-17.78,-17.78,-17.78,0,0,281,64,101,356,0,0,2513,6849,48
2022-09-14 21:28:58,725.0,740.56,728.89,738.33,726.11,713.33,130.0,127.22,139.44,129.44,119.44,123.33,-17.78,-17.78,-17.78,0,0,281,64,102,354,0,0,2511,6849,68
2022-09-14 21:29:04,727.78,747.78,736.11,743.89,732.78,718.33,135.0,132.22,143.89,132.78,122.22,128.89,-17.78,-17.78,-17.78,0,0,281,64,102,352,0,0,2517,6849,82
2022-09-14 21:29:10,730.0,751.11,738.89,747.78,736.67,721.11,140.0,136.67,147.78,136.11,125.0,133.89,-17.78,-17.78,-17.78,0,0,281,63,103,347,0,0,2511,6849,87
2022-09-14 21:29:16,732.22,751.67,741.11,748.33,738.89,720.56,144.44,141.11,151.67,139.44,128.33,138.33,-17.78,-17.78,-17.78,0,0,279,63,103,345,0,0,2513,6849,88
2022-09-14 21:29:22,735.0,753.89,743.33,753.89,742.22,723.89,148.33,145.0,154.44,142.22,131.11,142.22,-17.78,-17.78,-17.78,0,0,279,62,104,346,0,0,2520,6849,90
2022-09-14 21:29:28,733.89,755.56,743.33,755.56,743.89,725.0,151.67,148.33,157.78,145.56,133.89,146.11,-17.78,-17.78,-17.78,0,0,279,62,104,344,0,0,2511,6849,93
2022-09-14 21:29:34,736.67,756.67,746.11,755.0,745.0,725.56,155.0,151.11,161.11,148.33,137.22,149.44,-17.78,-17.78,-17.78,0,0,279,61,105,343,0,0,2513,6850,93
2022-09-14 21:29:40,735.56,758.33,746.67,757.22,742.78,725.56,157.78,153.89,163.33,151.11,140.0,152.78,-17.78,-17.78,-17.78,0,0,279,61,105,343,0,0,2517,6850,93
2022-09-14 21:29:46,725.56,746.11,735.56,746.67,732.22,713.33,160.56,156.67,166.11,153.89,142.78,156.11,-17.78,-17.78,-17.78,0,0,279,60,106,320,0,0,2494,6850,100
2022-09-14 21:29:52,692.78,715.0,701.67,715.0,695.56,685.56,161.67,158.89,168.89,155.56,145.56,157.78,-17.78,-17.78,-17.78,0,0,279,60,106,279,0,0,2515,6850,104
2022-09-14 21:29:58,677.22,693.33,683.89,701.67,677.78,669.44,161.67,158.89,169.44,156.67,147.22,157.78,-17.78,-17.78,-17.78,0,0,279,60,107,261,0,0,2380,6850,103
2022-09-14 21:30:04,703.89,713.89,703.89,720.0,701.11,691.11,161.11,158.89,169.44,157.22,148.33,157.78,-17.78,-17.78,-17.78,0,0,279,59,107,225,0,0,2400,6850,104
2022-09-14 21:30:10,721.11,730.0,721.11,736.67,719.44,706.11,161.11,160.0,169.44,158.33,148.89,158.89,-17.78,-17.78,-17.78,0,0,279,59,108,224,0,0,2387,6850,103
2022-09-14 21:30:16,722.78,731.11,724.44,740.56,722.22,708.89,161.67,160.56,169.44,159.44,149.44,160.0,-17.78,-17.78,-17.78,0,0,279,59,108,223,0,0,2383,6850,103
2022-09-14 21:30:22,724.44,734.44,726.11,738.33,724.44,710.56,162.22,161.67,169.44,160.0,150.0,160.56,-17.78,-17.78,-17.78,0,0,279,58,108,222,0,0,2383,6850,104
2022-09-14 21:30:28,726.67,735.56,726.67,742.22,726.67,708.89,162.22,162.78,170.0,160.56,150.56,161.67,-17.78,-17.78,-17.78,0,0,279,58,109,223,0,0,2379,6850,104
2022-09-14 21:30:34,726.11,733.89,727.22,741.11,724.44,710.56,162.22,163.33,170.0,161.67,151.11,162.22,-17.78,-17.78,-17.78,0,0,281,58,109,225,0,0,2390,6850,104
2022-09-14 21:30:40,727.22,736.11,728.33,742.78,726.11,711.67,162.78,163.89,170.0,162.22,151.67,163.33,-17.78,-17.78,-17.78,0,0,281,57,110,222,0,0,2391,6850,103
2022-09-14 21:30:46,740.0,747.78,738.33,752.78,738.33,723.33,162.78,165.0,170.0,162.78,152.22,163.89,-17.78,-17.78,-17.78,0,0,281,57,110,210,0,0,2386,6850,103
2022-09-14 21:30:52,745.0,755.0,745.56,760.0,744.44,731.11,163.33,165.56,170.56,163.89,152.78,164.44,-17.78,-17.78,-17.78,0,0,281,57,110,214,0,0,2389,6850,103
2022-09-14 21:30:58,747.78,757.78,748.33,761.67,747.22,731.67,163.89,166.11,171.11,165.0,153.33,165.56,-17.78,-17.78,-17.78,0,0,281,57,111,213,0,0,2395,6850,106
2022-09-14 21:31:04,746.67,758.33,750.0,762.78,748.33,732.22,164.44,166.67,171.67,165.56,153.89,166.11,-17.78,-17.78,-17.78,0,0,281,56,111,212,0,0,2390,6850,106
2022-09-14 21:31:10,749.44,758.89,751.11,763.33,747.22,732.22,165.0,167.22,172.22,166.67,154.44,167.22,-17.78,-17.78,-17.78,0,0,281,56,111,211,0,0,2391,6850,105
2022-09-14 21:31:16,750.56,760.0,753.33,763.33,748.89,732.22,165.56,168.33,172.78,167.22,155.0,167.78,-17.78,-17.78,-17.78,0,0,281,56,112,210,0,0,2399,6850,106
2022-09-14 21:31:22,748.89,760.0,753.89,763.89,749.44,732.22,166.11,168.89,173.33,168.33,155.56,168.33,-17.78,-17.78,-17.78,0,0,281,55,112,212,0,0,2392,6850,108
2022-09-14 21:31:28,748.89,759.44,753.89,764.44,749.44,734.44,166.67,168.89,173.89,168.89,156.11,169.44,-17.78,-17.78,-17.78,0,0,281,55,113,211,0,0,2390,6850,110
2022-09-14 21:31:34,748.89,758.33,752.22,762.78,749.44,732.22,166.67,169.44,174.44,169.44,156.11,170.0,-17.78,-17.78,-17.78,0,0,281,55,113,211,0,0,2383,6850,108
2022-09-14 21:31:40,747.78,758.33,751.11,762.78,749.44,731.67,167.22,170.0,175.0,170.0,156.67,170.56,-17.78,-17.78,-17.78,0,0,281,55,113,212,0,0,2385,6850,107
2022-09-14 21:31:46,747.78,758.33,752.78,764.44,750.0,734.44,167.22,170.0,176.11,170.56,157.22,170.56,-17.78,-17.78,-17.78,0,0,281,54,114,211,0,0,2403,6850,107
2022-09-14 21:31:52,747.78,760.56,751.67,764.44,748.89,732.78,167.78,170.56,176.11,170.56,157.78,171.11,-17.78,-17.78,-17.78,0,0,281,54,114,211,0,0,2391,6850,107
2022-09-14 21:31:58,750.0,761.11,754.44,766.11,750.0,735.0,167.78,171.11,176.67,171.11,157.78,171.67,-17.78,-17.78,-17.78,0,0,281,54,114,212,0,0,2396,6850,110
2022-09-14 21:32:04,748.33,761.11,752.22,763.89,750.0,733.33,167.78,171.11,177.22,171.11,158.33,171.67,-17.78,-17.78,-17.78,0,0,281,53,115,211,0,0,2390,6850,109
2022-09-14 21:32:10,747.22,758.33,751.67,763.33,747.78,732.22,167.78,171.11,177.78,171.67,158.33,172.22,-17.78,-17.78,-17.78,0,0,281,53,115,210,0,0,2383,6850,108
2022-09-14 21:32:16,748.33,760.0,752.78,765.56,750.0,733.89,168.33,171.67,178.89,172.22,158.89,172.78,-17.78,-17.78,-17.78,0,0,281,53,115,211,0,0,2390,6850,108
2022-09-14 21:32:22,749.44,760.0,753.33,766.11,751.11,733.89,168.33,172.22,179.44,172.22,158.89,172.78,-17.78,-17.78,-17.78,0,0,281,53,116,211,0,0,2393,6850,108
2022-09-14 21:32:28,750.0,761.11,751.67,765.56,748.89,733.89,168.89,172.22,179.44,172.78,158.89,173.33,-17.78,-17.78,-17.78,0,0,281,52,116,210,0,0,2401,6850,108
2022-09-14 21:32:34,747.78,760.0,751.67,762.78,748.33,732.22,168.89,172.78,179.44,172.78,159.44,173.33,-17.78,-17.78,-17.78,0,0,281,52,116,210,0,0,2396,6850,109
2022-09-14 21:32:40,747.22,759.44,751.11,765.0,747.78,731.67,168.89,172.78,178.89,173.33,159.44,173.89,-17.78,-17.78,-17.78,0,0,281,52,117,211,0,0,2398,6850,109
2022-09-14 21:32:46,749.44,761.11,751.11,765.0,748.89,733.33,168.89,172.78,178.89,173.33,159.44,173.89,-17.78,-17.78,-17.78,0,0,281,51,117,213,0,0,2403,6850,110
2022-09-14 21:32:52,749.44,761.11,751.11,765.56,750.0,733.33,169.44,173.33,178.89,173.33,160.0,174.44,-17.78,-17.78,-17.78,0,0,281,51,117,212,0,0,2400,6850,112
2022-09-14 21:32:58,751.11,761.11,753.33,762.78,748.33,734.44,169.44,173.33,178.89,173.89,160.0,174.44,-17.78,-17.78,-17.78,0,0,281,51,118,210,0,0,2403,6850,113
2022-09-14 21:33:04,751.11,762.78,753.33,765.56,748.33,733.89,169.44,173.33,178.89,173.89,160.0,174.44,-17.78,-17.78,-17.78,0,0,281,51,118,212,0,0,2408,6850,116
2022-09-14 21:33:10,748.33,760.0,753.33,764.44,747.78,732.78,169.44,173.33,178.33,173.89,160.0,175.0,-17.78,-17.78,-17.78,0,0,281,51,118,211,0,0,2395,6850,119
2022-09-14 21:33:16,747.78,760.0,753.89,762.78,749.44,732.22,168.89,173.33,178.33,174.44,160.0,175.0,-17.78,-17.78,-17.78,0,0,281,51,119,214,0,0,2417,6850,122
2022-09-14 21:33:22,747.78,762.22,752.22,762.22,748.89,734.44,168.89,173.33,178.33,174.44,160.0,175.0,-17.78,-17.78,-17.78,0,0,281,50,119,211,0,0,2401,6850,125
2022-09-14 21:33:28,746.67,760.0,753.89,761.11,747.78,732.22,168.33,173.33,177.78,174.44,159.44,174.44,-17.78,-17.78,-17.78,0,0,281,50,120,212,0,0,2404,6850,130
2022-09-14 21:33:34,747.78,758.89,751.67,761.11,749.44,733.89,168.33,172.78,177.78,174.44,158.89,174.44,-17.78,-17.78,-17.78,0,0,281,50,120,214,0,0,2406,6850,135
2022-09-14 21:33:40,746.67,757.78,751.67,760.0,747.78,732.22,167.78,172.78,177.22,173.89,158.33,173.89,-17.78,-17.78,-17.78,0,0,281,50,120,212,0,0,2406,6850,136
2022-09-14 21:33:46,745.56,757.22,750.56,760.0,747.22,731.67,167.22,172.22,176.67,173.33,157.78,173.33,-17.78,-17.78,-17.78,0,0,281,50,121,212,0,0,2403,6850,137
2022-09-14 21:33:52,744.44,756.11,750.0,759.44,747.22,731.67,166.67,171.11,176.11,172.78,157.22,173.33,-17.78,-17.78,-17.78,0,0,281,50,121,213,0,0,2404,6850,139
2022-09-14 21:33:58,746.67,758.33,751.67,761.67,748.89,733.89,165.56,170.56,175.56,172.22,156.67,172.22,-17.78,-12.22,-17.78,0,0,281,51,121,213,0,0,2404,6850,139
2022-09-14 21:34:04,777.78,788.33,780.56,791.67,779.44,765.0,165.0,170.56,175.0,172.22,156.11,172.22,-17.78,-12.22,-17.78,0,0,279,51,122,187,0,0,2400,6850,138
2022-09-14 21:34:10,783.33,795.0,787.78,797.78,786.11,770.56,165.0,170.56,175.0,172.22,155.56,171.67,-17.78,-17.78,-17.78,0,0,281,51,122,192,0,0,2404,6850,139
2022-09-14 21:34:16,783.33,793.89,787.22,797.78,785.0,769.44,165.0,170.56,175.0,172.22,155.0,171.67,-17.78,-17.78,-17.78,0,0,281,51,122,196,0,0,2402,6850,138
2022-09-14 21:34:22,770.0,781.67,775.56,786.11,773.89,755.56,165.0,170.56,175.0,172.22,155.0,171.67,-17.78,-17.78,-17.78,0,0,281,51,123,199,0,0,2393,6850,137
2022-09-14 21:34:28,767.78,779.44,773.89,784.44,771.67,754.44,164.44,170.0,175.0,172.22,154.44,171.67,-17.78,-17.78,-17.78,0,0,281,51,123,198,0,0,2385,6850,136
2022-09-14 21:34:34,767.22,778.89,773.33,786.11,770.56,752.78,164.44,170.0,175.0,172.22,154.44,171.67,-17.78,-17.78,-17.78,0,0,281,51,123,200,0,0,2388,6850,134
2022-09-14 21:34:40,769.44,780.0,775.0,786.11,772.22,755.0,164.44,170.0,175.0,172.22,154.44,171.67,-17.78,-17.78,-17.78,0,0,281,51,124,200,0,0,2398,6850,132
2022-09-14 21:34:46,768.89,779.44,773.33,786.11,771.11,753.89,164.44,170.0,175.56,172.22,154.44,172.78,-17.78,-17.78,-17.78,0,0,281,50,124,200,0,0,2395,6850,133
2022-09-14 21:34:52,768.33,780.56,772.22,785.0,770.56,755.0,164.44,170.0,175.56,172.22,154.44,172.78,-17.78,-17.78,-17.78,0,0,281,50,124,199,0,0,2399,6850,134
2022-09-14 21:34:58,768.89,782.78,774.44,787.22,772.78,755.0,164.44,170.0,175.56,172.22,154.44,173.33,-17.78,-17.78,-17.78,0,0,281,50,125,200,0,0,2403,6850,136
2022-09-14 21:35:04,771.11,781.11,775.0,786.11,772.78,755.56,164.44,170.0,176.11,172.78,154.44,173.33,-17.78,-17.78,-17.78,0,0,281,50,125,200,0,0,2399,6850,137
2022-09-14 21:35:10,769.44,779.44,773.33,785.0,771.11,755.56,164.44,170.0,176.11,172.78,154.44,173.33,-17.78,-17.78,-17.78,0,0,281,50,125,202,0,0,2398,6850,136
2022-09-14 21:35:16,771.11,780.0,775.0,784.44,772.22,753.89,164.44,170.0,176.11,172.78,154.44,173.33,-17.78,-17.78,-17.78,0,0,281,50,126,201,0,0,2403,6850,136
2022-09-14 21:35:22,771.11,780.56,775.56,786.11,771.11,754.44,164.44,170.56,176.11,172.78,154.44,173.33,-17.78,-17.78,-17.78,0,0,281,50,126,199,0,0,2402,6850,135
2022-09-14 21:35:28,768.89,780.56,773.33,784.44,771.11,753.33,164.44,170.56,176.11,172.78,154.44,173.33,-17.78,-17.78,-17.78,0,0,281,50,126,199,0,0,2403,6850,137
2022-09-14 21:35:34,768.33,780.0,773.33,784.44,772.22,754.44,164.44,170.56,176.11,172.78,154.44,173.33,-17.78,-17.78,-17.78,0,0,281,50,127,200,0,0,2411,6851,138
2022-09-14 21:35:40,768.33,781.67,772.78,782.78,770.56,752.78,164.44,170.56,176.11,172.78,154.44,173.33,-17.78,-17.78,-17.78,0,0,281,50,127,203,0,0,2408,6851,138
2022-09-14 21:35:46,770.0,781.11,772.22,785.0,770.56,753.89,163.89,170.0,176.11,172.22,153.89,172.78,-17.78,-17.78,-17.78,0,0,281,50,127,201,0,0,2408,6851,139
2022-09-14 21:35:52,767.78,782.22,773.89,785.0,772.22,753.33,163.89,170.0,176.11,172.22,153.89,172.78,-17.78,-17.78,-17.78,0,0,281,50,127,199,0,0,2409,6851,139
2022-09-14 21:35:58,769.44,780.56,774.44,785.0,772.22,752.78,163.89,170.0,175.56,171.67,153.89,172.22,-17.78,-17.78,-17.78,0,0,281,50,128,200,0,0,2406,6851,139
2022-09-14 21:36:04,768.33,780.56,774.44,783.33,772.22,754.44,163.33,169.44,175.56,171.67,153.89,172.22,-17.78,-17.78,-17.78,0,0,281,50,128,200,0,0,2401,6851,138
2022-09-14 21:36:10,768.89,781.67,774.44,785.0,771.11,755.56,163.33,169.44,175.56,171.67,153.89,172.22,-17.78,-17.78,-17.78,0,0,281,50,128,199,0,0,2396,6851,138
2022-09-14 21:36:16,767.78,778.89,772.78,785.56,770.0,753.33,163.33,169.44,175.56,171.67,153.33,172.22,-17.78,-17.78,-17.78,0,0,281,50,129,200,0,0,2399,6851,136
2022-09-14 21:36:22,769.44,780.56,772.78,785.0,771.67,755.0,163.33,169.44,175.56,171.67,153.33,172.22,-17.78,-17.78,-17.78,0,0,281,50,129,200,0,0,2404,6851,137
2022-09-14 21:36:28,769.44,778.89,774.44,783.33,769.44,755.0,163.33,169.44,175.56,171.67,153.33,172.22,-17.78,-17.78,-17.78,0,0,281,50,130,201,0,0,2408,6851,137
2022-09-14 21:36:34,768.33,779.44,772.78,783.33,770.0,754.44,163.33,169.44,175.56,171.67,153.33,172.22,-17.78,-17.78,-17.78,0,0,281,50,130,202,0,0,2403,6851,137
2022-09-14 21:36:40,768.33,780.0,772.22,784.44,771.11,755.56,163.33,169.44,175.56,171.67,153.33,172.22,-17.78,-17.78,-17.78,0,0,281,50,130,200,0,0,2395,6851,137
2022-09-14 21:36:46,768.89,777.78,772.22,785.56,769.44,754.44,163.33,169.44,176.11,171.67,153.33,172.22,-17.78,-17.78,-17.78,0,0,281,50,131,201,0,0,2394,6851,136
2022-09-14 21:36:52,767.22,780.0,772.22,787.22,769.44,753.33,163.33,169.44,176.11,171.67,153.33,172.22,-17.78,-17.78,-17.78,0,0,281,50,131,202,0,0,2408,6851,136
2022-09-14 21:36:58,770.0,781.67,772.22,785.56,769.44,755.0,163.33,169.44,176.11,171.67,153.33,172.22,-17.78,-17.78,-17.78,0,0,281,50,131,201,0,0,2412,6851,136
2022-09-14 21:37:04,768.33,779.44,773.89,784.44,769.44,753.33,163.33,169.44,176.11,171.67,153.33,172.22,-17.78,-17.78,-17.78,0,0,281,50,132,201,0,0,2399,6851,137
2022-09-14 21:37:10,770.0,778.89,773.89,786.11,772.22,755.0,163.33,169.44,176.11,171.67,153.33,172.22,-17.78,-17.78,-17.78,0,0,281,50,132,198,0,0,2396,6851,137
2022-09-14 21:37:16,768.33,778.89,772.22,784.44,772.22,753.33,163.33,168.89,176.11,171.11,153.33,172.22,-17.78,-17.78,-17.78,0,0,281,50,132,201,0,0,2407,6851,137
2022-09-14 21:37:22,768.33,780.56,773.33,783.33,771.11,754.44,163.33,168.89,176.11,171.11,153.33,172.22,-17.78,-17.78,-17.78,0,0,281,50,133,200,0,0,2408,6851,138
2022-09-14 21:37:28,770.0,780.56,774.44,785.56,772.22,755.0,163.33,168.89,175.56,171.11,153.33,172.22,-17.78,-17.78,-17.78,0,0,281,50,133,200,0,0,2407,6851,138
2022-09-14 21:37:34,767.78,778.33,772.78,785.0,770.0,753.89,163.33,168.89,175.56,171.11,153.33,172.22,-17.78,-17.78,-17.78,0,0,281,50,133,200,0,0,2402,6851,138
2022-09-14 21:37:40,767.22,780.56,772.22,783.33,769.44,752.78,163.33,168.89,175.56,171.11,153.33,172.22,-17.78,-17.78,-17.78,0,0,281,50,134,200,0,0,2394,6851,137
2022-09-14 21:37:46,767.22,777.78,770.56,782.22,769.44,753.89,163.33,168.89,175.56,171.11,153.33,172.22,-17.78,-17.78,-17.78,0,0,281,51,134,199,0,0,2386,6851,136
2022-09-14 21:37:52,767.78,778.33,773.33,785.56,770.56,752.22,163.33,168.89,175.56,171.11,153.33,172.22,-17.78,-17.78,-17.78,0,0,281,51,134,200,0,0,2394,6851,135
2022-09-14 21:37:58,767.78,780.0,773.89,783.89,771.11,754.44,163.89,169.44,176.11,171.11,153.33,172.22,-17.78,-17.78,-17.78,0,0,281,51,135,200,0,0,2400,6851,135
2022-09-14 21:38:04,767.78,780.0,773.89,783.33,771.67,753.33,163.89,169.44,176.11,171.11,153.33,172.22,-17.78,-17.78,-17.78,0,0,281,51,135,200,0,0,2388,6851,135
2022-09-14 21:38:10,769.44,777.78,773.89,782.78,771.67,755.56,163.89,169.44,176.11,171.67,153.89,172.22,-17.78,-17.78,-17.78,0,0,281,51,135,200,0,0,2395,6851,136
2022-09-14 21:38:16,767.78,780.0,772.22,782.78,772.22,752.78,163.89,169.44,176.11,171.67,153.89,172.78,-17.78,-17.78,-17.78,0,0,281,51,136,200,0,0,2400,6851,135
2022-09-14 21:38:22,768.89,780.56,774.44,783.89,772.78,754.44,163.89,169.44,176.11,171.67,153.89,172.78,-17.78,-17.78,-17.78,0,0,281,51,136,199,0,0,2392,6851,135
2022-09-14 21:38:28,770.0,780.56,774.44,785.0,771.67,753.33,163.89,169.44,176.67,172.22,153.89,172.78,-17.78,-17.78,-17.78,0,0,281,51,136,199,0,0,2385,6851,134
2022-09-14 21:38:34,767.78,778.33,771.11,785.0,770.56,751.67,164.44,169.44,176.67,172.22,153.89,172.78,-17.78,-17.78,-17.78,0,0,281,51,137,198,0,0,2384,6851,134
2022-09-14 21:38:40,770.0,780.0,773.33,785.56,770.56,755.0,164.44,169.44,176.67,172.22,153.89,172.78,-17.78,-17.78,-17.78,0,0,281,51,137,201,0,0,2390,6851,134
2022-09-14 21:38:46,770.0,781.11,773.33,784.44,770.0,754.44,164.44,169.44,176.67,172.22,153.89,172.78,-17.78,-17.78,-17.78,0,0,281,51,137,201,0,0,2393,6851,135
2022-09-14 21:38:52,770.0,779.44,771.67,786.67,772.78,753.89,164.44,169.44,176.67,172.22,154.44,172.78,-17.78,-17.78,-17.78,0,0,281,51,138,199,0,0,2391,6851,135
2022-09-14 21:38:58,770.0,779.44,773.89,787.22,772.78,753.89,164.44,169.44,177.22,172.78,154.44,173.33,-17.78,-17.78,-17.78,0,0,281,51,138,200,0,0,2389,6851,135
2022-09-14 21:39:04,768.33,779.44,772.22,786.11,770.56,755.56,164.44,170.0,177.22,172.78,154.44,173.33,-17.78,-17.78,-17.78,0,0,281,51,138,200,0,0,2397,6851,136
2022-09-14 21:39:10,771.11,782.78,775.0,786.67,772.78,755.56,165.0,170.0,177.22,172.78,155.0,173.89,-17.78,-17.78,-17.78,0,0,281,51,138,201,0,0,2401,6851,138
2022-09-14 21:39:16,768.89,780.56,776.11,785.56,772.22,755.0,165.56,170.56,177.78,173.33,155.0,173.89,-17.78,-17.78,-17.78,0,0,281,51,139,202,0,0,2414,6851,139
2022-09-14 21:39:22,770.56,783.33,776.11,786.67,773.89,756.67,165.56,171.11,178.33,173.89,155.56,174.44,-17.78,-17.78,-17.78,0,0,281,51,139,202,0,0,2398,6851,139
2022-09-14 21:39:28,770.56,783.33,777.22,787.22,773.33,754.44,166.11,171.67,178.89,173.89,156.11,175.0,-17.78,-17.78,-17.78,0,0,281,52,140,200,0,0,2409,6851,142
2022-09-14 21:39:34,770.0,783.33,777.22,787.22,773.89,754.44,166.67,171.67,178.89,174.44,156.67,175.56,-17.78,-17.78,-17.78,0,0,281,52,140,200,0,0,2401,6851,146
2022-09-14 21:39:40,771.67,783.33,778.33,786.67,775.0,756.11,167.22,172.22,179.44,175.0,157.22,175.56,-17.78,-17.78,-17.78,0,0,281,52,140,202,0,0,2404,6851,146
2022-09-14 21:39:46,769.44,781.67,775.0,786.67,773.89,756.11,167.22,172.78,180.0,175.0,157.78,176.11,-17.78,-17.78,-17.78,0,0,281,52,141,202,0,0,2404,6851,144
2022-09-14 21:39:52,769.44,782.78,775.0,786.11,773.33,756.11,167.78,172.78,180.0,175.56,157.78,176.67,-17.78,-17.78,-17.78,0,0,281,52,141,201,0,0,2404,6851,143
2022-09-14 21:39:58,771.11,781.11,775.0,787.78,775.0,756.67,167.78,172.78,180.56,175.56,158.33,176.67,-17.78,-17.78,-17.78,0,0,281,52,141,201,0,0,2397,6851,142
2022-09-14 21:40:04,770.0,782.78,774.44,786.67,775.0,755.56,167.78,173.33,181.11,176.11,158.33,177.22,-17.78,-17.78,-17.78,0,0,281,52,142,199,0,0,2393,6851,140
2022-09-14 21:40:10,769.44,780.56,775.56,786.11,773.33,755.0,168.33,173.33,181.11,176.11,158.89,177.22,-17.78,-17.78,-17.78,0,0,281,52,142,197,0,0,2381,6851,140
2022-09-14 21:40:16,771.11,782.22,777.22,787.78,775.0,756.67,168.33,173.89,181.11,176.67,158.89,177.22,-17.78,-17.78,-17.78,0,0,281,52,142,199,0,0,2395,6851,141
2022-09-14 21:40:22,769.44,782.22,777.22,788.33,775.56,756.11,168.89,173.89,181.67,177.22,159.44,177.78,-17.78,-17.78,-17.78,0,0,281,52,143,200,0,0,2399,6851,139
2022-09-14 21:40:28,770.0,781.11,775.56,786.11,772.78,755.56,168.89,174.44,181.67,177.22,159.44,177.78,-17.78,-17.78,-17.78,0,0,281,52,143,197,0,0,2386,6851,139
2022-09-14 21:40:34,770.56,782.22,774.44,787.78,773.33,754.44,168.89,174.44,181.67,177.22,160.0,178.33,-17.78,-17.78,-17.78,0,0,281,52,143,201,0,0,2397,6851,141
2022-09-14 21:40:40,768.89,782.78,776.67,789.44,773.33,756.67,169.44,174.44,182.22,177.78,160.0,178.33,-17.78,-17.78,-17.78,0,0,281,52,144,200,0,0,2392,6851,143
2022-09-14 21:40:46,772.22,783.89,776.11,789.44,774.44,755.56,170.0,175.0,182.78,177.78,160.56,178.33,-17.78,-17.78,-17.78,0,0,281,52,144,199,0,0,2380,6851,140
2022-09-14 21:40:52,770.56,782.22,777.22,788.33,776.67,757.78,170.0,175.56,183.33,178.33,161.11,178.89,-17.78,-17.78,-17.78,0,0,281,52,144,198,0,0,2383,6851,139
2022-09-14 21:40:58,772.22,782.22,777.78,788.89,776.11,757.22,170.56,176.11,183.33,178.89,161.67,179.44,-17.78,-17.78,-17.78,0,0,281,52,145,198,0,0,2377,6851,140
2022-09-14 21:41:04,772.78,783.33,776.67,788.89,776.11,755.56,171.11,176.67,183.89,179.44,161.67,180.0,-17.78,-17.78,-17.78,0,0,281,52,145,198,0,0,2383,6851,141
2022-09-14 21:41:10,772.78,785.56,778.89,790.0,777.78,757.78,171.11,176.67,184.44,180.0,162.22,180.56,-17.78,-17.78,-17.78,0,0,281,52,145,199,0,0,2394,6851,142
2022-09-14 21:41:16,768.33,779.44,773.33,783.89,770.56,752.78,172.22,177.22,185.0,180.56,162.78,180.56,-17.78,-17.78,-17.78,0,0,281,52,146,203,0,0,2404,6851,144
2022-09-14 21:41:22,766.67,777.78,771.11,782.78,769.44,750.56,172.22,177.22,185.0,180.56,162.78,181.11,-17.78,-17.78,-17.78,0,0,281,52,146,203,0,0,2395,6851,145
2022-09-14 21:41:28,766.11,777.78,770.0,780.56,768.89,749.44,172.22,177.78,185.56,180.56,163.33,181.11,-17.78,-17.78,-17.78,0,0,281,52,146,203,0,0,2398,6851,144
2022-09-14 21:41:34,766.11,774.44,769.44,780.56,768.33,748.33,172.78,177.78,185.56,181.11,163.33,181.11,-17.78,-17.78,-17.78,0,0,281,52,147,203,0,0,2382,6852,142
2022-09-14 21:41:40,762.78,775.0,769.44,782.22,767.22,750.0,172.78,177.78,185.56,181.11,163.89,181.67,-17.78,-17.78,-17.78,0,0,281,52,147,203,0,0,2398,6852,141
2022-09-14 21:41:46,765.0,776.11,769.44,782.22,767.22,750.0,172.78,177.78,186.11,181.67,163.89,181.67,-17.78,-17.78,-17.78,0,0,281,52,147,205,0,0,2393,6852,141
2022-09-14 21:41:52,766.11,777.22,769.44,780.0,766.67,750.56,173.33,178.33,186.11,181.67,163.89,182.22,-17.78,-17.78,-17.78,0,0,281,52,148,204,0,0,2405,6852,144
2022-09-14 21:41:58,767.22,776.11,771.67,780.0,768.33,748.33,173.33,178.33,186.11,181.67,164.44,182.22,-17.78,-17.78,-17.78,0,0,281,52,148,206,0,0,2399,6852,145
2022-09-14 21:42:04,765.0,776.67,769.44,781.11,768.89,750.56,173.33,178.33,186.11,181.67,164.44,182.22,-17.78,-17.78,-17.78,0,0,281,52,148,204,0,0,2392,6852,142
2022-09-14 21:42:10,762.22,773.89,768.89,781.67,769.44,748.89,173.33,178.33,186.11,181.67,164.44,182.22,-17.78,-17.78,-17.78,0,0,281,52,149,203,0,0,2384,6852,140
2022-09-14 21:42:16,763.33,775.56,768.33,780.0,767.22,750.0,173.33,178.33,186.11,181.67,164.44,182.22,-17.78,-17.78,-17.78,0,0,281,52,149,204,0,0,2381,6852,138
2022-09-14 21:42:22,764.44,773.89,768.33,782.22,768.33,750.0,173.33,178.89,186.67,181.67,165.0,182.22,-17.78,-17.78,-17.78,0,0,281,52,150,202,0,0,2376,6852,138
2022-09-14 21:42:28,764.44,774.44,768.33,780.56,769.44,750.0,173.33,178.89,186.67,182.22,165.0,182.22,-17.78,-17.78,-17.78,0,0,281,52,150,204,0,0,2382,6852,139
2022-09-14 21:42:34,764.44,776.11,768.33,780.56,767.78,750.0,173.89,178.89,186.67,182.22,165.0,182.22,-17.78,-17.78,-17.78,0,0,281,52,150,202,0,0,2387,6852,138
2022-09-14 21:42:40,762.78,773.33,767.78,778.89,766.11,747.78,173.89,178.89,186.67,182.78,165.0,182.78,-17.78,-17.78,-17.78,0,0,281,52,151,203,0,0,2369,6852,137
2022-09-14 21:42:46,765.0,774.44,768.89,781.67,768.33,749.44,173.89,178.89,186.67,182.78,165.56,182.78,-17.78,-17.78,-17.78,0,0,281,52,151,202,0,0,2376,6852,137
2022-09-14 21:42:52,763.33,775.0,768.89,780.0,766.67,748.33,173.89,178.89,187.22,182.78,165.56,182.78,-17.78,-17.78,-17.78,0,0,281,52,151,203,0,0,2377,6852,137
2022-09-14 21:42:58,763.33,775.0,770.0,781.11,768.33,750.56,173.89,179.44,187.22,182.78,165.56,182.78,-17.78,-17.78,-17.78,0,0,281,52,151,202,0,0,2382,6852,138
2022-09-14 21:43:04,763.33,773.33,767.22,780.0,765.0,751.11,173.89,179.44,187.22,182.78,166.11,183.33,-17.78,-17.78,-17.78,0,0,281,52,152,203,0,0,2376,6852,137
2022-09-14 21:43:10,766.11,776.11,770.0,782.22,768.33,750.56,174.44,179.44,187.22,182.78,166.11,183.33,-17.78,-17.78,-17.78,0,0,281,52,152,205,0,0,2404,6852,140
2022-09-14 21:43:16,764.44,774.44,770.0,779.44,767.22,747.78,174.44,180.0,187.78,183.33,166.11,183.33,-17.78,-17.78,-17.78,0,0,281,52,152,204,0,0,2413,6852,147
2022-09-14 21:43:22,767.22,776.67,771.11,780.56,770.0,749.44,174.44,180.0,187.78,183.33,166.11,183.33,-17.78,-17.78,-17.78,0,0,281,52,153,206,0,0,2401,6852,147
2022-09-14 21:43:28,763.89,774.44,768.89,779.44,767.78,748.33,174.44,180.0,187.78,183.33,166.11,183.33,-17.78,-17.78,-17.78,0,0,281,52,153,202,0,0,2391,6852,145
2022-09-14 21:43:34,765.0,777.22,770.56,782.22,767.78,751.11,174.44,180.0,187.78,183.33,166.11,183.33,-17.78,-17.78,-17.78,0,0,281,52,153,203,0,0,2401,6852,144
2022-09-14 21:43:40,764.44,774.44,769.44,779.44,769.44,748.33,173.89,180.0,187.78,183.33,166.11,183.33,-17.78,-17.78,-17.78,0,0,281,52,154,204,0,0,2405,6852,144
2022-09-14 21:43:46,764.44,775.56,769.44,780.56,770.0,748.89,173.89,179.44,187.78,182.78,165.56,183.33,-17.78,-17.78,-17.78,0,0,281,52,154,204,0,0,2393,6852,144
2022-09-14 21:43:52,765.56,777.22,768.89,782.22,768.33,750.56,173.89,179.44,187.78,182.78,165.56,183.33,-17.78,-17.78,-17.78,0,0,281,52,154,202,0,0,2396,6852,146
2022-09-14 21:43:58,763.89,775.56,770.56,780.56,767.78,748.33,173.89,179.44,187.78,182.78,165.56,182.78,-17.78,-17.78,-17.78,0,0,281,52,155,205,0,0,2405,6852,147
2022-09-14 21:44:04,763.89,777.78,770.56,780.56,768.89,751.11,173.89,179.44,187.78,182.78,165.56,182.78,-17.78,-17.78,-17.78,0,0,281,52,155,204,0,0,2401,6852,150
2022-09-14 21:44:10,765.56,777.22,770.56,779.44,768.33,748.33,173.89,178.89,187.22,182.78,165.56,182.78,-17.78,-17.78,-17.78,0,0,281,51,155,204,0,0,2406,6852,155
2022-09-14 21:44:16,762.78,773.33,767.78,778.89,766.67,746.67,173.89,178.89,187.22,182.22,165.0,182.78,-17.78,-17.78,-17.78,0,0,281,51,156,202,0,0,2387,6852,153
2022-09-14 21:44:22,760.56,770.0,766.67,776.11,764.44,745.0,173.33,178.33,186.67,181.67,165.0,182.22,-17.78,-17.78,-17.78,0,0,281,51,156,203,0,0,2384,6852,149
2022-09-14 21:44:28,759.44,769.44,765.56,776.11,763.89,744.44,172.78,177.78,186.67,181.67,164.44,181.67,-17.78,-17.78,-17.78,0,0,281,51,156,203,0,0,2373,6852,145
2022-09-14 21:44:34,760.0,771.11,766.11,777.78,765.56,746.67,172.78,177.22,186.11,181.11,164.44,181.67,-17.78,-17.78,-17.78,0,0,281,51,157,202,0,0,2384,6852,141
2022-09-14 21:44:40,760.56,768.33,764.44,777.78,765.56,746.67,172.78,177.22,186.11,181.11,163.89,181.67,-17.78,-17.78,-17.78,0,0,281,51,157,202,0,0,2366,6852,140
2022-09-14 21:44:46,761.67,771.67,767.78,780.0,766.67,747.78,172.22,177.22,186.11,181.11,163.89,181.11,-17.78,-17.78,-17.78,0,0,281,51,157,204,0,0,2368,6852,140
2022-09-14 21:44:52,761.67,772.22,767.78,777.78,766.67,748.89,172.22,177.22,186.11,181.11,163.89,181.11,-17.78,-17.78,-17.78,0,0,281,51,158,203,0,0,2370,6852,137
2022-09-14 21:44:58,762.78,772.78,768.33,779.44,767.22,747.22,172.22,177.22,186.11,181.67,163.89,181.11,-17.78,-17.78,-17.78,0,0,281,51,158,203,0,0,2382,6852,137
2022-09-14 21:45:04,763.89,774.44,767.22,778.89,766.11,747.78,172.78,177.78,186.11,181.67,164.44,181.11,-17.78,-17.78,-17.78,0,0,281,51,158,204,0,0,2393,6852,141
2022-09-14 21:45:10,764.44,774.44,770.0,778.89,767.78,750.0,172.78,177.78,186.67,181.67,164.44,181.67,-17.78,-17.78,-17.78,0,0,281,51,159,204,0,0,2390,6852,142
2022-09-14 21:45:16,764.44,776.11,768.33,778.89,767.78,748.33,173.33,178.33,186.67,182.22,165.0,182.22,-17.78,-17.78,-17.78,0,0,281,51,159,204,0,0,2404,6852,143
2022-09-14 21:45:22,762.78,773.89,770.0,779.44,766.11,747.78,173.33,178.33,186.67,182.22,165.0,182.22,-17.78,-17.78,-17.78,0,0,281,52,160,205,0,0,2411,6852,144
2022-09-14 21:45:28,762.78,773.89,768.33,780.0,765.56,747.22,173.33,178.33,186.67,182.22,165.0,182.22,-17.78,-17.78,-17.78,0,0,281,52,160,203,0,0,2389,6852,145
2022-09-14 21:45:34,764.44,773.89,770.0,781.11,766.67,748.33,173.33,178.33,186.67,182.78,165.56,182.22,-17.78,-17.78,-17.78,0,0,281,52,160,205,0,0,2395,6852,144
2022-09-14 21:45:40,763.33,773.89,770.0,778.89,766.11,748.89,173.33,178.33,186.67,182.78,165.56,182.22,-17.78,-17.78,-17.78,0,0,281,52,161,202,0,0,2390,6852,144
2022-09-14 21:45:46,763.89,773.33,767.22,778.33,767.78,747.22,173.89,178.33,187.22,182.78,165.56,182.22,-17.78,-17.78,-17.78,0,0,281,52,161,204,0,0,2381,6852,144
2022-09-14 21:45:52,764.44,775.56,768.89,780.56,766.11,748.89,173.89,178.33,187.22,182.78,165.56,182.22,-17.78,-17.78,-17.78,0,0,281,52,161,204,0,0,2396,6852,146
2022-09-14 21:45:58,764.44,774.44,769.44,779.44,766.11,747.78,173.89,178.33,187.22,182.78,165.56,182.78,-17.78,-17.78,-17.78,0,0,282,52,162,203,0,0,2383,6852,145
2022-09-14 21:46:04,762.78,775.56,769.44,779.44,767.78,748.89,173.89,178.89,187.22,182.78,165.56,182.78,-17.78,-17.78,-17.78,0,0,280,52,162,205,0,0,2400,6852,146
2022-09-14 21:46:10,762.78,774.44,769.44,780.0,767.22,747.78,173.89,178.89,187.22,182.78,165.56,182.78,-17.78,-17.78,-17.78,0,0,280,52,162,202,0,0,2393,6852,145
2022-09-14 21:46:16,764.44,775.0,770.0,781.11,768.89,749.44,173.89,178.89,187.22,182.78,165.56,182.78,-17.78,-17.78,-17.78,0,0,280,52,163,204,0,0,2394,6852,145
2022-09-14 21:46:22,762.22,774.44,767.78,779.44,766.11,749.44,173.89,178.89,187.22,182.78,165.56,182.78,-17.78,-17.78,-17.78,0,0,282,52,163,203,0,0,2386,6852,145
2022-09-14 21:46:28,761.67,772.78,767.78,778.33,766.11,746.67,173.89,178.89,187.22,182.78,165.56,182.78,-17.78,-17.78,-17.78,0,0,282,52,163,203,0,0,2386,6852,145
2022-09-14 21:46:34,764.44,774.44,767.78,780.56,767.78,749.44,173.89,178.89,187.22,182.78,165.56,182.78,-17.78,-17.78,-17.78,0,0,282,52,164,205,0,0,2390,6852,145
2022-09-14 21:46:40,763.89,775.56,769.44,781.11,768.33,750.0,173.89,178.89,187.22,182.78,165.56,182.78,-17.78,-17.78,-17.78,0,0,280,52,164,204,0,0,2396,6852,145
2022-09-14 21:46:46,762.22,773.33,769.44,781.11,766.67,747.22,173.89,178.89,187.22,182.78,165.56,182.78,-17.78,-17.78,-17.78,0,0,280,52,164,204,0,0,2392,6852,144
2022-09-14 21:46:52,764.44,774.44,769.44,781.11,768.33,748.89,173.89,178.89,187.22,182.78,165.56,182.78,-17.78,-17.78,-17.78,0,0,280,52,165,202,0,0,2399,6852,145
2022-09-14 21:46:58,765.0,777.78,770.0,781.11,768.33,750.0,174.44,178.89,187.22,182.78,165.56,182.78,-17.78,-17.78,-17.78,0,0,280,53,165,205,0,0,2405,6852,145
2022-09-14 21:47:04,765.0,775.56,770.56,779.44,769.44,750.0,174.44,178.89,187.22,182.78,165.56,182.78,-17.78,-17.78,-17.78,0,0,280,53,165,205,0,0,2407,6852,144
2022-09-14 21:47:10,765.0,775.0,770.56,780.56,768.33,748.33,174.44,178.89,187.22,182.78,165.56,182.78,-17.78,-17.78,-17.78,0,0,282,53,166,205,0,0,2396,6852,144
2022-09-14 21:47:16,765.56,775.56,769.44,780.0,767.78,748.33,173.89,178.89,187.22,182.78,165.56,182.78,-17.78,-17.78,-17.78,0,0,280,53,166,202,0,0,2387,6852,144
2022-09-14 21:47:22,764.44,773.89,768.33,780.0,767.22,749.44,173.89,178.89,187.22,182.78,165.56,182.78,-17.78,-17.78,-17.78,0,0,280,53,166,202,0,0,2389,6852,143
2022-09-14 21:47:28,764.44,773.89,767.78,779.44,768.33,747.22,173.89,178.33,187.22,182.78,165.56,182.78,-17.78,-17.78,-17.78,0,0,282,53,167,204,0,0,2391,6852,142
2022-09-14 21:47:34,764.44,773.89,769.44,778.89,768.33,748.89,173.89,178.33,187.22,182.78,165.56,182.78,-17.78,-17.78,-17.78,0,0,280,53,167,204,0,0,2386,6853,141
2022-09-14 21:47:40,765.0,773.33,770.56,780.56,768.33,748.33,173.89,178.33,187.22,182.78,165.56,182.78,-17.78,-17.78,-17.78,0,0,280,53,167,201,0,0,2375,6853,140
2022-09-14 21:47:46,765.56,775.0,770.56,781.67,768.33,750.0,173.89,178.89,187.22,182.78,165.56,182.78,-17.78,-17.78,-17.78,0,0,282,53,168,201,0,0,2384,6853,140
2022-09-14 21:47:52,763.33,775.56,768.89,781.67,768.89,750.0,173.89,178.89,187.78,183.33,165.56,182.78,-17.78,-17.78,-17.78,0,0,280,53,168,202,0,0,2377,6853,140
2022-09-14 21:47:58,764.44,773.89,770.56,780.0,769.44,748.33,174.44,179.44,187.78,183.33,166.11,182.78,-17.78,-17.78,-17.78,0,0,280,53,168,203,0,0,2386,6853,141
2022-09-14 21:48:04,765.0,773.89,769.44,780.0,766.67,748.33,174.44,179.44,187.78,183.33,166.11,182.78,-17.78,-17.78,-17.78,0,0,280,53,169,202,0,0,2387,6853,142
2022-09-14 21:48:10,763.33,773.33,770.0,779.44,768.33,748.89,174.44,179.44,187.78,183.33,166.11,183.33,-17.78,-17.78,-17.78,0,0,280,53,169,203,0,0,2383,6853,142
2022-09-14 21:48:16,762.22,773.33,769.44,780.56,767.78,750.0,174.44,179.44,187.78,183.89,166.11,183.33,-17.78,-17.78,-17.78,0,0,282,53,170,205,0,0,2391,6853,142
2022-09-14 21:48:22,764.44,773.33,768.89,780.0,767.22,748.33,175.0,179.44,187.78,183.89,166.11,183.33,-17.78,-17.78,-17.78,0,0,282,53,170,204,0,0,2386,6853,142
2022-09-14 21:48:28,765.56,775.0,767.78,780.0,767.22,749.44,175.0,179.44,187.78,183.89,166.11,183.33,-17.78,-17.78,-17.78,0,0,280,53,170,202,0,0,2382,6853,143
2022-09-14 21:48:34,765.0,773.89,770.0,781.11,767.78,748.89,175.0,179.44,188.33,183.89,166.11,183.33,-17.78,-17.78,-17.78,0,0,280,53,171,203,0,0,2393,6853,143
2022-09-14 21:48:40,762.78,775.56,768.33,779.44,766.67,748.89,175.0,179.44,188.33,183.89,166.67,183.33,-17.78,-17.78,-17.78,0,0,280,53,171,205,0,0,2393,6853,143
2022-09-14 21:48:46,765.56,776.11,770.0,780.0,769.44,748.89,175.0,179.44,188.33,183.89,166.67,183.33,-17.78,-17.78,-17.78,0,0,280,53,171,203,0,0,2394,6853,144
2022-09-14 21:48:52,763.89,776.67,770.56,782.22,767.78,751.11,175.0,179.44,188.33,183.89,166.67,183.33,-17.78,-17.78,-17.78,0,0,280,53,172,204,0,0,2392,6853,144
2022-09-14 21:48:58,762.22,774.44,768.33,779.44,766.67,748.89,175.0,179.44,188.33,183.89,166.67,183.33,-17.78,-17.78,-17.78,0,0,280,53,172,205,0,0,2398,6853,144
2022-09-14 21:49:04,765.0,776.11,768.33,779.44,768.89,748.33,175.0,179.44,188.33,183.89,166.67,183.33,-17.78,-17.78,-17.78,0,0,280,53,172,203,0,0,2395,6853,143
2022-09-14 21:49:10,763.33,775.0,767.78,778.33,767.22,750.0,175.0,179.44,188.33,183.89,166.67,183.33,-17.78,-17.78,-17.78,0,0,280,53,173,202,0,0,2387,6853,142
2022-09-14 21:49:16,765.0,776.67,769.44,780.0,767.22,750.0,175.0,179.44,188.33,183.89,166.67,183.33,-17.78,-17.78,-17.78,0,0,280,53,173,203,0,0,2393,6853,141
2022-09-14 21:49:22,762.78,773.89,770.0,780.0,768.89,748.89,175.0,179.44,188.33,183.89,166.67,183.33,-17.78,-17.78,-17.78,0,0,282,53,173,204,0,0,2386,6853,140
2022-09-14 21:49:28,762.22,775.56,766.67,780.56,766.67,748.33,175.0,179.44,188.33,183.89,166.67,183.33,-17.78,-17.78,-17.78,0,0,282,53,174,203,0,0,2385,6853,141
2022-09-14 21:49:34,764.44,774.44,768.89,780.0,767.22,750.56,175.0,179.44,188.33,183.89,166.67,183.33,-17.78,-17.78,-17.78,0,0,282,53,174,203,0,0,2383,6853,141
2022-09-14 21:49:40,762.78,773.89,768.89,779.44,768.89,748.89,175.0,179.44,188.33,183.89,166.67,183.33,-17.78,-17.78,-17.78,0,0,280,53,174,202,0,0,2375,6853,141
2022-09-14 21:49:46,762.78,772.22,767.22,779.44,767.22,750.0,175.0,179.44,188.33,183.89,166.67,183.33,-17.78,-17.78,-17.78,0,0,280,53,174,202,0,0,2377,6853,141
2022-09-14 21:49:52,763.89,774.44,767.22,780.56,768.89,748.33,175.0,180.0,188.33,184.44,166.67,183.33,-17.78,-17.78,-17.78,0,0,280,53,175,203,0,0,2386,6853,141
2022-09-14 21:49:58,764.44,775.0,769.44,780.56,768.89,748.89,175.0,180.0,188.33,184.44,166.67,183.33,-17.78,-17.78,-17.78,0,0,282,53,175,203,0,0,2391,6853,142
2022-09-14 21:50:04,762.78,776.11,768.33,781.11,767.78,748.89,175.0,180.0,188.33,184.44,166.67,183.33,-17.78,-17.78,-17.78,0,0,282,53,175,205,0,0,2393,6853,142
2022-09-14 21:50:10,765.0,774.44,768.33,778.89,768.89,748.33,175.0,180.0,188.33,184.44,166.67,183.33,-17.78,-17.78,-17.78,0,0,282,53,176,205,0,0,2397,6853,143
2022-09-14 21:50:16,763.33,776.67,770.0,781.11,769.44,750.56,175.0,180.0,188.33,184.44,166.67,183.33,-17.78,-17.78,-17.78,0,0,282,53,176,203,0,0,2402,6853,143
2022-09-14 21:50:22,765.0,777.78,770.56,781.67,769.44,750.56,175.0,180.0,188.33,184.44,166.67,183.33,-17.78,-17.78,-17.78,0,0,280,53,176,204,0,0,2396,6853,142
2022-09-14 21:50:28,762.78,774.44,767.22,778.89,768.89,750.0,175.0,180.0,187.78,184.44,166.67,183.33,-17.78,-17.78,-17.78,0,0,282,53,177,205,0,0,2411,6853,142
2022-09-14 21:50:34,762.78,773.89,768.89,778.89,767.22,747.78,175.0,180.0,188.33,183.89,166.67,183.33,-17.78,-17.78,-17.78,0,0,282,53,177,204,0,0,2394,6853,141
2022-09-14 21:50:40,763.33,772.22,766.67,780.56,766.11,748.33,175.0,179.44,187.78,183.89,166.67,183.33,-17.78,-17.78,-17.78,0,0,282,53,177,204,0,0,2384,6853,141
2022-09-14 21:50:46,763.33,774.44,766.67,780.56,767.22,748.89,175.0,179.44,187.78,183.89,166.67,182.78,-17.78,-17.78,-17.78,0,0,282,53,178,202,0,0,2384,6853,142
2022-09-14 21:50:52,765.0,775.0,767.78,779.44,767.78,747.22,175.0,179.44,187.78,183.33,166.67,182.78,-17.78,-17.78,-17.78,0,0,280,53,178,202,0,0,2377,6853,143
2022-09-14 21:50:58,762.22,774.44,768.33,780.56,768.33,748.89,174.44,179.44,187.78,183.33,166.67,182.78,-17.78,-17.78,-17.78,0,0,280,52,178,203,0,0,2398,6853,143
2022-09-14 21:51:04,764.44,776.11,768.89,779.44,766.67,749.44,174.44,179.44,187.78,183.33,166.67,182.78,-17.78,-17.78,-17.78,0,0,280,52,179,202,0,0,2395,6853,142
2022-09-14 21:51:10,765.0,775.0,770.0,778.89,768.89,748.33,174.44,179.44,187.78,183.33,166.67,182.78,-17.78,-17.78,-17.78,0,0,280,52,179,205,0,0,2384,6853,142
2022-09-14 21:51:16,762.22,772.78,766.67,777.78,767.22,748.33,174.44,179.44,187.78,183.33,166.11,182.78,-17.78,-17.78,-17.78,0,0,280,52,180,204,0,0,2381,6853,142
2022-09-14 21:51:22,761.67,772.78,768.89,780.0,765.56,747.22,174.44,179.44,187.78,183.33,166.11,182.78,-17.78,-17.78,-17.78,0,0,282,52,180,203,0,0,2363,6853,140
2022-09-14 21:51:28,761.11,771.11,767.22,777.78,765.56,746.67,174.44,179.44,187.78,183.33,166.11,182.78,-17.78,-17.78,-17.78,0,0,280,52,180,201,0,0,2380,6853,142
2022-09-14 21:51:34,764.44,776.11,769.44,780.56,768.33,750.0,174.44,179.44,187.78,183.33,166.11,182.78,-17.78,-17.78,-17.78,0,0,280,52,181,204,0,0,2408,6853,145
2022-09-14 21:51:40,765.0,775.0,771.11,781.67,769.44,748.33,174.44,179.44,187.78,183.33,166.11,182.78,-17.78,-17.78,-17.78,0,0,280,53,181,203,0,0,2396,6853,143
2022-09-14 21:51:46,762.22,772.78,767.78,779.44,767.22,747.78,174.44,179.44,187.78,183.33,166.11,182.78,-17.78,-17.78,-17.78,0,0,282,53,181,203,0,0,2382,6853,140
2022-09-14 21:51:52,763.89,776.11,769.44,778.89,767.22,747.22,175.0,179.44,187.78,183.89,166.11,183.33,-17.78,-17.78,-17.78,0,0,280,53,182,203,0,0,2374,6853,140
2022-09-14 21:51:58,764.44,773.89,769.44,778.89,766.67,748.33,175.0,179.44,187.78,183.89,166.11,183.33,-17.78,-17.78,-17.78,0,0,282,53,182,202,0,0,2388,6853,142
2022-09-14 21:52:04,765.0,776.67,769.44,781.67,768.33,748.33,175.0,179.44,187.78,183.89,166.11,183.33,-17.78,-17.78,-17.78,0,0,280,53,182,202,0,0,2399,6853,145
2022-09-14 21:52:10,763.33,775.56,771.67,779.44,767.22,749.44,175.0,179.44,187.78,183.89,166.11,183.33,-17.78,-17.78,-17.78,0,0,280,53,183,204,0,0,2407,6853,145
2022-09-14 21:52:16,765.0,775.56,771.67,779.44,770.0,750.0,175.0,178.89,187.78,183.89,166.11,183.33,-17.78,-17.78,-17.78,0,0,280,53,183,203,0,0,2397,6853,146
2022-09-14 21:52:22,766.11,777.78,771.67,781.11,770.56,751.67,175.0,178.89,187.78,183.89,166.11,183.33,-17.78,-17.78,-17.78,0,0,282,54,183,204,0,0,2406,6853,149
2022-09-14 21:52:28,763.89,775.56,768.89,779.44,767.78,748.89,174.44,178.89,187.78,183.33,166.11,182.78,-17.78,-17.78,-17.78,0,0,282,54,184,205,0,0,2414,6853,149
2022-09-14 21:52:34,762.22,773.33,767.78,778.89,766.11,747.22,174.44,178.89,187.78,182.78,165.56,182.78,-17.78,-17.78,-17.78,0,0,282,54,184,205,0,0,2408,6853,150
2022-09-14 21:52:40,761.11,770.56,766.67,776.67,767.78,745.56,174.44,178.33,187.78,182.78,165.56,182.22,-17.78,-17.78,-17.78,0,0,282,54,184,202,0,0,2384,6853,148
2022-09-14 21:52:46,762.78,772.78,767.78,778.33,767.78,747.78,173.89,178.33,187.22,182.78,165.56,182.22,-17.78,-17.78,-17.78,0,0,280,54,185,203,0,0,2390,6853,145
2022-09-14 21:52:52,761.11,773.33,768.33,778.89,767.78,747.78,173.89,178.33,187.22,182.22,165.0,182.22,-17.78,-17.78,-17.78,0,0,280,54,185,202,0,0,2390,6853,145
2022-09-14 21:52:58,761.67,773.89,768.33,779.44,766.11,747.22,173.89,177.78,187.22,182.22,165.0,182.22,-17.78,-17.78,-17.78,0,0,280,54,185,204,0,0,2394,6853,145
2022-09-14 21:53:04,761.11,773.33,766.67,778.33,765.56,747.22,173.89,177.78,186.67,182.22,165.0,181.67,-17.78,-17.78,-17.78,0,0,280,54,186,204,0,0,2403,6853,147
2022-09-14 21:53:10,764.44,775.0,770.0,780.0,768.89,748.89,173.33,177.78,186.67,182.22,165.0,181.67,-17.78,-17.78,-17.78,0,0,280,54,186,205,0,0,2393,6853,147
2022-09-14 21:53:16,763.33,773.89,768.89,780.56,768.89,747.22,173.33,177.78,186.67,182.22,165.0,181.67,-17.78,-17.78,-17.78,0,0,280,54,186,201,0,0,2375,6853,142
2022-09-14 21:53:22,762.78,773.33,767.78,780.56,767.22,747.22,173.33,177.78,186.67,182.22,165.0,181.67,-17.78,-17.78,-17.78,0,0,280,54,187,202,0,0,2385,6853,140
2022-09-14 21:53:28,762.78,773.89,767.78,780.0,767.22,748.89,173.33,177.78,186.67,182.22,165.0,181.67,-17.78,-17.78,-17.78,0,0,282,54,187,202,0,0,2368,6853,138
2022-09-14 21:53:34,762.78,773.89,768.89,780.56,766.67,748.33,173.33,177.78,186.67,182.22,165.0,181.67,-17.78,-17.78,-17.78,0,0,282,54,187,202,0,0,2378,6854,138
2022-09-14 21:53:40,763.89,774.44,768.89,781.67,766.67,749.44,173.89,178.33,186.67,182.78,165.56,182.22,-17.78,-17.78,-17.78,0,0,282,54,188,200,0,0,2375,6854,139
2022-09-14 21:53:46,764.44,775.56,769.44,781.67,768.89,749.44,174.44,178.89,187.22,182.78,165.56,182.78,-17.78,-17.78,-17.78,0,0,282,54,188,203,0,0,2390,6854,140
2022-09-14 21:53:52,765.56,776.11,770.0,780.56,769.44,750.56,174.44,178.89,187.78,182.78,166.11,182.78,-17.78,-17.78,-17.78,0,0,282,53,188,202,0,0,2389,6854,141
2022-09-14 21:53:58,765.56,774.44,770.56,782.78,768.33,749.44,174.44,179.44,187.78,182.78,166.11,182.78,-17.78,-17.78,-17.78,0,0,282,53,189,204,0,0,2393,6854,140
2022-09-14 21:54:04,765.56,774.44,770.56,781.11,768.33,751.11,175.0,179.44,187.78,183.33,166.11,183.33,-17.78,-17.78,-17.78,0,0,282,53,189,203,0,0,2388,6854,140
2022-09-14 21:54:10,764.44,774.44,770.0,780.0,770.0,750.0,175.0,179.44,188.33,183.33,166.11,183.33,-17.78,-17.78,-17.78,0,0,282,53,190,203,0,0,2388,6854,139
2022-09-14 21:54:16,763.89,773.89,769.44,780.56,767.78,749.44,175.0,179.44,188.33,183.33,166.67,183.33,-17.78,-17.78,-17.78,0,0,282,53,190,205,0,0,2384,6854,140
2022-09-14 21:54:22,765.0,775.0,770.0,780.0,767.78,748.33,175.0,180.0,188.33,183.33,166.67,183.33,-17.78,-17.78,-17.78,0,0,282,53,190,203,0,0,2397,6854,140
2022-09-14 21:54:28,765.56,777.22,771.11,779.44,770.0,750.56,175.0,180.0,188.33,183.33,166.67,183.89,-17.78,-17.78,-17.78,0,0,280,53,191,203,0,0,2403,6854,140
2022-09-14 21:54:34,766.11,775.0,771.67,781.67,770.0,750.56,175.0,180.0,188.33,183.33,166.67,183.89,-17.78,-17.78,-17.78,0,0,282,53,191,203,0,0,2398,6854,139
2022-09-14 21:54:40,766.11,777.22,770.0,781.67,770.0,751.11,175.0,180.0,188.33,183.33,166.67,183.89,-17.78,-17.78,-17.78,0,0,282,54,191,202,0,0,2391,6854,137
2022-09-14 21:54:46,762.78,774.44,769.44,778.89,768.33,748.33,175.0,180.0,188.33,183.33,166.67,183.89,-17.78,-17.78,-17.78,0,0,282,54,192,205,0,0,2388,6854,136
2022-09-14 21:54:52,761.67,773.89,768.33,781.11,767.78,748.33,175.0,180.0,188.33,183.33,166.67,183.89,-17.78,-17.78,-17.78,0,0,282,54,192,204,0,0,2386,6854,135
2022-09-14 21:54:58,763.89,774.44,768.33,778.89,769.44,749.44,175.0,180.0,188.33,183.33,166.67,183.89,-17.78,-17.78,-17.78,0,0,282,54,192,202,0,0,2381,6854,133
2022-09-14 21:55:04,764.44,775.0,767.78,778.89,767.78,750.0,175.0,179.44,188.33,183.33,166.67,183.89,-17.78,-17.78,-17.78,0,0,280,54,193,202,0,0,2379,6854,133
2022-09-14 21:55:10,764.44,775.56,769.44,778.33,767.78,748.89,175.0,179.44,188.33,183.33,166.67,183.89,-17.78,-17.78,-17.78,0,0,280,54,193,205,0,0,2393,6854,133
2022-09-14 21:55:16,765.56,775.56,769.44,781.11,767.78,750.0,175.0,179.44,188.33,183.33,166.67,183.89,-17.78,-17.78,-17.78,0,0,282,54,193,201,0,0,2368,6854,131
2022-09-14 21:55:22,763.33,774.44,767.22,780.56,767.22,748.89,175.0,179.44,188.33,183.33,166.67,183.89,-17.78,-17.78,-17.78,0,0,280,54,194,204,0,0,2388,6854,130
2022-09-14 21:55:28,765.0,776.11,770.56,781.67,769.44,751.11,175.0,179.44,188.33,183.89,167.22,183.89,-17.78,-17.78,-17.78,0,0,282,54,194,204,0,0,2402,6854,130
2022-09-14 21:55:34,763.89,774.44,768.89,778.89,767.78,749.44,175.56,180.0,188.89,183.89,167.22,183.89,-17.78,-17.78,-17.78,0,0,282,54,194,204,0,0,2372,6854,131
2022-09-14 21:55:40,762.22,772.78,768.33,778.89,766.67,750.0,175.56,180.0,188.89,183.89,167.22,183.89,-17.78,-17.78,-17.78,0,0,280,54,195,204,0,0,2372,6854,131
2022-09-14 21:55:46,763.89,775.0,770.0,781.11,768.33,751.11,175.56,180.0,188.89,183.89,167.22,183.89,-17.78,-17.78,-17.78,0,0,282,54,195,203,0,0,2394,6854,132
2022-09-14 21:55:52,764.44,774.44,770.0,781.11,768.89,750.0,175.56,180.0,188.89,183.89,167.22,183.89,-17.78,-17.78,-17.78,0,0,282,54,195,204,0,0,2403,6854,137
2022-09-14 21:55:58,765.56,776.11,768.89,781.67,767.78,748.89,175.56,180.0,188.89,183.89,167.22,183.89,-17.78,-17.78,-17.78,0,0,282,54,195,203,0,0,2410,6854,140
2022-09-14 21:56:04,763.33,774.44,768.33,782.22,767.78,748.33,175.56,180.0,188.89,183.89,167.22,183.89,-17.78,-17.78,-17.78,0,0,280,54,196,206,0,0,2405,6854,137
2022-09-14 21:56:10,763.33,774.44,767.22,779.44,767.22,747.78,175.0,180.0,188.89,183.89,167.22,183.89,-17.78,-17.78,-17.78,0,0,280,54,196,203,0,0,2385,6854,135
2022-09-14 21:56:16,763.33,773.89,767.22,781.67,767.22,747.22,175.0,180.0,188.89,183.89,167.22,183.89,-17.78,-17.78,-17.78,0,0,280,54,196,203,0,0,2394,6854,136
2022-09-14 21:56:22,762.78,772.78,768.89,778.89,767.22,747.78,175.0,179.44,188.89,183.33,166.67,183.89,-17.78,-17.78,-17.78,0,0,280,54,197,203,0,0,2388,6854,136
2022-09-14 21:56:28,763.33,774.44,768.33,780.56,766.67,747.22,175.0,179.44,188.89,183.33,166.67,183.33,-17.78,-17.78,-17.78,0,0,282,54,197,203,0,0,2379,6854,135
2022-09-14 21:56:34,763.89,772.78,768.89,777.78,767.78,748.89,175.0,179.44,188.33,183.33,166.67,183.33,-17.78,-17.78,-17.78,0,0,282,54,197,201,0,0,2364,6854,132
2022-09-14 21:56:40,761.11,772.22,767.78,778.33,766.67,749.44,175.0,179.44,188.33,183.33,166.67,183.33,-17.78,-17.78,-17.78,0,0,282,53,198,201,0,0,2369,6854,131
2022-09-14 21:56:46,762.78,774.44,767.78,780.0,766.11,750.56,175.0,179.44,188.33,183.33,166.67,183.33,-17.78,-17.78,-17.78,0,0,282,53,198,204,0,0,2388,6854,132
2022-09-14 21:56:52,762.22,772.78,767.78,778.33,766.11,747.78,175.0,179.44,188.33,183.33,166.67,183.33,-17.78,-17.78,-17.78,0,0,282,53,198,204,0,0,2380,6854,132
2022-09-14 21:56:58,763.89,772.22,768.33,780.0,767.78,749.44,175.0,179.44,188.33,183.33,166.67,183.33,-17.78,-17.78,-17.78,0,0,282,53,199,202,0,0,2377,6854,131
2022-09-14 21:57:04,763.33,774.44,768.89,780.56,768.33,747.78,175.0,179.44,188.33,183.89,166.67,183.33,-17.78,-17.78,-17.78,0,0,282,53,199,203,0,0,2383,6854,131
2022-09-14 21:57:10,762.22,775.0,769.44,780.56,768.89,748.89,175.0,179.44,188.33,183.89,166.67,183.33,-17.78,-17.78,-17.78,0,0,282,52,200,202,0,0,2383,6854,130
2022-09-14 21:57:16,763.89,773.33,768.89,781.67,766.67,749.44,175.0,179.44,188.33,183.89,166.67,183.33,-17.78,-17.78,-17.78,0,0,282,52,200,203,0,0,2381,6854,131
2022-09-14 21:57:22,761.67,772.22,766.67,778.89,766.67,747.22,175.56,179.44,188.33,183.89,166.67,183.33,-17.78,-17.78,-17.78,0,0,282,52,200,202,0,0,2374,6854,130
2022-09-14 21:57:28,763.89,775.0,768.89,781.11,768.33,749.44,175.56,179.44,188.33,183.89,166.67,183.89,-17.78,-17.78,-17.78,0,0,280,52,201,203,0,0,2377,6854,129
2022-09-14 21:57:34,762.22,773.33,768.89,778.89,766.67,750.0,175.56,179.44,188.89,183.89,166.67,183.89,-17.78,-17.78,-17.78,0,0,280,52,201,202,0,0,2368,6854,128
2022-09-14 21:57:40,765.0,775.0,768.89,781.11,768.33,750.0,175.56,179.44,188.89,183.89,166.67,183.89,-17.78,-17.78,-17.78,0,0,282,52,201,203,0,0,2380,6854,127
2022-09-14 21:57:46,763.89,775.0,769.44,781.11,767.22,750.0,175.56,180.0,188.89,184.44,167.22,183.89,-17.78,-17.78,-17.78,0,0,282,52,202,203,0,0,2377,6854,127
2022-09-14 21:57:52,765.0,775.56,770.0,781.67,768.33,750.56,175.56,180.0,188.89,184.44,167.22,184.44,-17.78,-17.78,-17.78,0,0,280,52,202,202,0,0,2380,6854,130
2022-09-14 21:57:58,763.33,775.56,767.78,779.44,767.22,748.33,175.56,180.0,188.89,184.44,167.22,184.44,-17.78,-17.78,-17.78,0,0,282,52,202,202,0,0,2382,6854,131
2022-09-14 21:58:04,765.0,773.89,770.0,778.89,767.22,748.33,175.56,180.56,188.89,184.44,167.22,184.44,-17.78,-17.78,-17.78,0,0,282,51,203,202,0,0,2374,6854,130
2022-09-14 21:58:10,765.56,775.56,768.89,782.22,769.44,748.89,175.56,180.56,189.44,185.0,167.78,184.44,-17.78,-17.78,-17.78,0,0,282,51,203,202,0,0,2369,6854,128
2022-09-14 21:58:16,762.78,772.78,768.33,780.0,767.22,749.44,176.11,180.56,189.44,185.0,167.78,185.0,-17.78,-17.78,-17.78,0,0,282,51,203,201,0,0,2369,6854,127
2022-09-14 21:58:22,765.0,772.78,769.44,781.11,767.22,748.33,176.11,180.56,189.44,185.0,167.78,185.0,-17.78,-17.78,-17.78,0,0,282,51,204,202,0,0,2368,6854,128
2022-09-14 21:58:28,765.0,774.44,769.44,781.11,767.22,750.56,176.11,180.56,189.44,185.56,167.78,185.0,-17.78,-17.78,-17.78,0,0,282,51,204,202,0,0,2370,6854,128
2022-09-14 21:58:34,763.33,775.56,769.44,781.67,767.78,751.11,176.11,181.11,189.44,185.56,167.78,185.56,-17.78,-17.78,-17.78,0,0,282,51,204,203,0,0,2367,6854,128
2022-09-14 21:58:40,763.89,773.89,770.56,780.0,768.89,748.89,176.11,181.11,190.0,185.56,168.33,185.56,-17.78,-17.78,-17.78,0,0,282,52,205,203,0,0,2368,6854,129
2022-09-14 21:58:46,765.56,776.11,770.56,782.78,770.0,751.11,176.67,181.11,190.0,186.11,168.33,185.56,-17.78,-17.78,-17.78,0,0,282,52,205,202,0,0,2378,6854,129
2022-09-14 21:58:52,762.78,773.89,771.11,781.11,768.33,750.0,176.67,181.11,190.0,186.11,168.33,186.11,-17.78,-17.78,-17.78,0,0,282,52,205,203,0,0,2380,6854,127
2022-09-14 21:58:58,762.22,775.56,769.44,781.67,767.78,749.44,176.67,181.67,190.56,186.11,168.33,186.11,-17.78,-17.78,-17.78,0,0,282,52,206,201,0,0,2380,6854,128
2022-09-14 21:59:04,764.44,773.89,768.89,782.22,767.22,751.11,176.67,181.67,190.56,186.11,168.89,186.11,-17.78,-17.78,-17.78,0,0,282,52,206,202,0,0,2383,6854,130
2022-09-14 21:59:10,765.56,777.22,771.11,780.56,769.44,750.56,177.22,181.67,190.56,186.67,168.89,186.11,-17.78,-17.78,-17.78,0,0,282,52,206,205,0,0,2393,6854,132
2022-09-14 21:59:16,766.11,778.89,771.67,783.89,770.56,752.22,177.22,181.67,190.56,186.67,168.89,186.67,-17.78,-17.78,-17.78,0,0,282,52,207,202,0,0,2395,6854,133
2022-09-14 21:59:22,765.0,776.11,769.44,782.22,768.33,751.67,177.22,181.67,190.56,186.67,168.89,186.67,-17.78,-17.78,-17.78,0,0,282,52,207,203,0,0,2394,6854,133
2022-09-14 21:59:28,765.0,777.78,769.44,782.22,768.89,752.22,177.22,181.67,190.56,186.67,168.89,186.67,-17.78,-17.78,-17.78,0,0,282,52,207,205,0,0,2396,6854,134
2022-09-14 21:59:34,763.89,777.78,771.11,781.67,771.11,750.0,177.22,181.67,190.56,186.67,168.89,186.67,-17.78,-17.78,-17.78,0,0,280,52,208,202,0,0,2397,6854,134
2022-09-14 21:59:40,765.56,778.89,769.44,781.11,769.44,751.67,177.22,181.67,190.56,186.67,168.89,186.11,-17.78,-17.78,-17.78,0,0,282,52,208,204,0,0,2394,6855,132
2022-09-14 21:59:46,765.0,775.0,768.33,779.44,767.78,752.22,177.22,181.67,190.56,186.11,168.89,186.11,-17.78,-17.78,-17.78,0,0,282,52,208,203,0,0,2393,6855,131
2022-09-14 21:59:52,766.67,777.78,770.56,782.22,770.0,750.0,177.22,181.11,190.56,186.11,168.89,186.11,-17.78,-17.78,-17.78,0,0,280,52,209,202,0,0,2401,6855,133
2022-09-14 21:59:58,765.0,776.11,770.56,780.56,770.0,749.44,176.67,181.11,190.0,185.56,168.33,186.11,-17.78,-17.78,-17.78,0,0,282,52,209,205,0,0,2398,6855,133
2022-09-14 22:00:04,765.0,777.78,771.11,781.67,770.56,750.56,176.67,181.11,190.0,185.56,168.33,185.56,-17.78,-17.78,-17.78,0,0,282,52,210,203,0,0,2398,6855,133
2022-09-14 22:00:10,766.11,776.67,771.11,782.22,768.89,751.11,176.11,181.11,190.0,185.0,167.78,185.56,-17.78,-17.78,-17.78,0,0,282,53,210,202,0,0,2398,6855,132
2022-09-14 22:00:16,765.0,774.44,771.11,779.44,768.33,747.78,176.11,181.11,190.0,185.0,167.78,185.56,-17.78,-17.78,-17.78,0,0,282,53,210,202,0,0,2389,6855,132
2022-09-14 22:00:22,765.56,776.11,770.56,781.67,769.44,750.0,176.67,180.56,190.0,185.0,167.78,185.56,-17.78,-17.78,-17.78,0,0,282,53,211,203,0,0,2395,6855,134
2022-09-14 22:00:28,767.22,778.33,771.67,781.67,770.56,751.11,176.67,180.56,189.44,185.0,167.78,185.56,-17.78,-17.78,-17.78,0,0,282,53,211,203,0,0,2410,6855,136
2022-09-14 22:00:34,766.11,777.22,770.0,781.11,768.89,749.44,176.11,180.0,189.44,185.0,167.22,185.0,-17.78,-17.78,-17.78,0,0,280,53,211,204,0,0,2398,6855,135
2022-09-14 22:00:40,764.44,776.67,771.11,780.56,770.56,748.89,176.11,180.0,189.44,184.44,167.22,185.0,-17.78,-17.78,-17.78,0,0,282,53,212,204,0,0,2392,6855,134
2022-09-14 22:00:46,763.89,776.11,768.89,782.22,770.56,750.56,175.56,180.0,189.44,184.44,167.22,185.0,-17.78,-17.78,-17.78,0,0,282,53,212,202,0,0,2385,6855,131
2022-09-14 22:00:52,762.78,773.33,767.78,780.0,767.78,750.56,175.56,180.0,188.89,183.89,167.22,184.44,-17.78,-17.78,-17.78,0,0,282,53,212,202,0,0,2386,6855,129
2022-09-14 22:00:58,765.0,773.33,769.44,780.0,767.78,749.44,175.56,180.0,188.89,183.89,166.67,184.44,-17.78,-17.78,-17.78,0,0,282,53,213,202,0,0,2382,6855,129
2022-09-14 22:01:04,765.0,775.0,769.44,779.44,767.78,749.44,175.56,179.44,188.89,183.89,166.67,184.44,-17.78,-17.78,-17.78,0,0,282,53,213,202,0,0,2385,6855,131
2022-09-14 22:01:10,765.56,776.67,770.56,779.44,769.44,749.44,175.56,179.44,188.89,183.89,166.67,184.44,-17.78,-17.78,-17.78,0,0,280,53,213,204,0,0,2404,6855,134
2022-09-14 22:01:16,765.56,777.78,770.56,782.22,770.56,751.67,175.56,180.56,188.89,183.89,166.67,184.44,-17.78,-17.78,-17.78,0,0,282,53,214,203,0,0,2402,6855,133
2022-09-14 22:01:22,763.33,776.11,771.11,780.56,768.89,749.44,175.56,180.56,188.89,183.89,166.67,184.44,-17.78,-17.78,-17.78,0,0,282,53,214,202,0,0,2391,6855,132
2022-09-14 22:01:28,765.56,774.44,768.89,779.44,767.78,748.89,175.0,180.56,188.89,183.89,166.67,183.89,-17.78,-17.78,-17.78,0,0,282,53,214,204,0,0,2392,6855,131
2022-09-14 22:01:34,763.33,773.89,768.33,781.11,767.78,747.78,175.0,181.11,188.89,183.89,166.67,183.89,-17.78,-17.78,-17.78,0,0,282,53,214,203,0,0,2378,6855,130
2022-09-14 22:01:40,762.22,774.44,768.33,779.44,767.22,747.78,175.0,181.11,188.33,183.89,166.67,183.89,-17.78,-17.78,-17.78,0,0,280,53,215,202,0,0,2372,6855,130
2022-09-14 22:01:46,763.89,773.33,768.33,781.67,768.33,750.56,175.0,180.56,188.33,183.89,166.67,183.89,-17.78,-17.78,-17.78,0,0,280,54,215,204,0,0,2379,6855,130
2022-09-14 22:01:52,764.44,775.56,770.0,780.0,769.44,748.89,175.0,180.56,188.33,183.89,166.67,183.89,-17.78,-17.78,-17.78,0,0,282,54,215,202,0,0,2372,6855,129
2022-09-14 22:01:58,761.67,773.33,767.78,779.44,767.22,748.33,175.0,180.56,188.33,183.89,166.67,183.89,-17.78,-17.78,-17.78,0,0,282,54,216,202,0,0,2363,6855,127
2022-09-14 22:02:04,761.67,772.22,767.78,778.33,767.22,747.78,175.0,180.56,188.33,184.44,166.67,183.89,-17.78,-17.78,-17.78,0,0,282,54,216,204,0,0,2382,6855,126
2022-09-14 22:02:10,763.89,772.22,768.89,781.11,767.22,748.89,175.0,180.56,188.33,184.44,166.67,183.89,-17.78,-17.78,-17.78,0,0,282,54,216,202,0,0,2363,6855,125
2022-09-14 22:02:16,765.0,774.44,769.44,782.22,768.89,750.56,175.0,180.56,188.33,184.44,167.22,184.44,-17.78,-17.78,-17.78,0,0,282,54,217,202,0,0,2369,6855,124
2022-09-14 22:02:22,761.67,773.33,769.44,779.44,767.22,747.78,175.56,180.56,188.33,184.44,167.22,184.44,-17.78,-17.78,-17.78,0,0,282,54,217,203,0,0,2365,6855,124
2022-09-14 22:02:28,763.33,774.44,769.44,781.11,767.78,750.0,175.56,180.56,188.33,184.44,167.22,184.44,-17.78,-17.78,-17.78,0,0,282,54,217,203,0,0,2376,6855,125
2022-09-14 22:02:34,765.0,775.0,770.0,782.22,768.89,749.44,175.56,180.56,188.89,185.0,167.22,184.44,-17.78,-17.78,-17.78,0,0,282,54,218,203,0,0,2372,6855,124
2022-09-14 22:02:40,762.78,773.33,770.0,780.0,767.22,748.33,175.56,181.11,188.89,185.0,167.78,184.44,-17.78,-17.78,-17.78,0,0,282,54,218,204,0,0,2366,6855,123
2022-09-14 22:02:46,765.0,775.0,770.0,782.78,767.22,748.33,175.56,181.11,189.44,185.0,167.78,185.0,-17.78,-17.78,-17.78,0,0,282,54,218,202,0,0,2365,6855,123
2022-09-14 22:02:52,763.33,773.89,768.33,781.11,768.89,751.11,176.11,181.11,189.44,185.0,167.78,185.0,-17.78,-17.78,-17.78,0,0,282,54,219,205,0,0,2395,6855,128
2022-09-14 22:02:58,766.67,776.11,770.56,783.33,770.0,751.67,176.11,181.11,189.44,185.56,167.78,185.56,-17.78,-17.78,-17.78,0,0,282,54,219,202,0,0,2383,6855,129
2022-09-14 22:03:04,764.44,776.11,770.56,780.56,770.0,750.0,176.11,181.11,189.44,185.56,167.78,185.56,-17.78,-17.78,-17.78,0,0,282,54,220,203,0,0,2380,6855,130
2022-09-14 22:03:10,763.33,777.78,768.33,783.33,770.0,752.22,176.11,181.11,190.0,185.56,168.33,185.56,-17.78,-17.78,-17.78,0,0,282,54,220,204,0,0,2380,6855,131
2022-09-14 22:03:16,763.89,773.89,768.33,781.67,770.0,750.0,176.11,181.11,190.0,185.56,168.33,185.56,-17.78,-17.78,-17.78,0,0,282,54,220,203,0,0,2372,6855,131
2022-09-14 22:03:22,762.78,775.56,768.33,781.11,767.78,748.89,176.11,181.11,190.0,185.56,168.33,185.56,-17.78,-17.78,-17.78,0,0,282,54,221,202,0,0,2374,6855,131
2022-09-14 22:03:28,764.44,774.44,768.33,782.78,769.44,750.56,176.67,181.11,190.0,185.56,168.33,185.56,-17.78,-17.78,-17.78,0,0,282,54,221,202,0,0,2375,6855,130
2022-09-14 22:03:34,765.0,775.56,768.33,783.33,770.0,751.11,176.67,181.11,190.0,185.56,168.33,185.56,-17.78,-17.78,-17.78,0,0,282,54,221,203,0,0,2374,6855,128
2022-09-14 22:03:40,763.33,777.22,770.56,781.67,770.56,753.33,176.67,181.11,190.0,185.56,168.33,186.11,-17.78,-17.78,-17.78,0,0,282,54,222,203,0,0,2378,6855,128
2022-09-14 22:03:46,762.78,776.11,768.89,780.0,770.0,751.67,176.67,181.11,190.0,185.56,168.33,186.11,-17.78,-17.78,-17.78,0,0,282,54,222,204,0,0,2382,6855,127
2022-09-14 22:03:52,764.44,777.22,770.0,780.56,768.89,751.67,176.67,181.11,190.0,185.56,168.33,186.11,-17.78,-17.78,-17.78,0,0,282,53,222,203,0,0,2380,6855,126
2022-09-14 22:03:58,765.0,775.56,771.11,781.67,768.33,751.11,176.67,181.11,190.0,185.56,168.33,186.11,-17.78,-17.78,-17.78,0,0,282,53,223,203,0,0,2387,6855,128
2022-09-14 22:04:04,765.56,776.67,768.89,782.78,769.44,750.56,176.67,181.11,190.0,185.56,168.33,186.11,-17.78,-17.78,-17.78,0,0,282,53,223,203,0,0,2380,6855,129
2022-09-14 22:04:10,763.33,774.44,768.89,780.56,767.78,751.11,176.67,181.11,190.0,185.56,168.33,186.11,-17.78,-17.78,-17.78,0,0,282,53,223,202,0,0,2375,6855,129
2022-09-14 22:04:16,763.89,775.56,768.89,780.56,767.78,751.67,176.67,180.56,190.0,185.56,168.33,186.11,-17.78,-17.78,-17.78,0,0,282,53,224,203,0,0,2376,6855,129
2022-09-14 22:04:22,765.0,776.11,770.56,780.56,767.78,748.89,176.67,180.56,190.0,185.56,168.33,186.11,-17.78,-17.78,-17.78,0,0,282,52,224,203,0,0,2381,6855,129
2022-09-14 22:04:28,763.89,773.89,770.0,780.56,769.44,748.89,176.67,180.56,190.0,185.56,168.33,186.11,-17.78,-17.78,-17.78,0,0,282,52,224,202,0,0,2365,6855,127
2022-09-14 22:04:34,765.56,776.11,770.0,782.78,769.44,751.11,176.67,180.56,190.0,185.56,168.33,185.56,-17.78,-17.78,-17.78,0,0,282,52,225,205,0,0,2384,6855,128
2022-09-14 22:04:40,765.0,775.56,771.11,782.78,770.56,751.11,176.67,180.56,190.0,185.56,168.33,185.56,-17.78,-17.78,-17.78,0,0,282,52,225,204,0,0,2392,6855,128
2022-09-14 22:04:46,763.33,774.44,769.44,780.56,767.78,749.44,176.67,180.0,190.0,185.56,168.33,185.56,-17.78,-17.78,-17.78,0,0,282,52,225,203,0,0,2375,6855,129
2022-09-14 22:04:52,765.56,774.44,769.44,780.56,767.22,749.44,176.67,181.11,190.0,185.56,168.33,185.56,-17.78,-17.78,-17.78,0,0,282,52,226,205,0,0,2393,6855,131
2022-09-14 22:04:58,766.67,778.33,771.67,780.56,770.0,751.67,176.11,181.67,189.44,185.56,168.33,185.56,-17.78,-17.78,-17.78,0,0,282,52,226,204,0,0,2392,6855,133
2022-09-14 22:05:04,764.44,775.0,769.44,779.44,768.33,750.0,176.11,181.67,189.44,185.0,167.78,185.56,-17.78,-17.78,-17.78,0,0,282,52,226,202,0,0,2378,6855,131
2022-09-14 22:05:10,762.78,773.33,767.78,779.44,767.22,750.56,176.11,181.67,189.44,185.0,167.78,185.56,-17.78,-17.78,-17.78,0,0,282,52,227,204,0,0,2372,6855,132
2022-09-14 22:05:16,765.56,776.11,770.56,781.67,770.0,750.0,176.11,181.67,189.44,185.0,167.78,185.56,-17.78,-17.78,-17.78,0,0,282,52,227,203,0,0,2375,6855,136
2022-09-14 22:05:22,763.89,775.0,770.56,779.44,767.78,750.56,176.11,181.11,189.44,185.0,167.78,185.56,-17.78,-17.78,-17.78,0,0,282,53,227,202,0,0,2370,6855,134
2022-09-14 22:05:28,762.78,773.89,768.89,781.67,767.78,748.89,176.11,181.11,189.44,185.0,167.78,185.0,-17.78,-17.78,-17.78,0,0,282,53,228,203,0,0,2380,6855,132
2022-09-14 22:05:34,762.22,773.33,768.33,780.0,767.78,748.89,176.11,181.11,189.44,185.0,167.78,185.0,-17.78,-17.78,-17.78,0,0,282,53,228,202,0,0,2375,6855,132
2022-09-14 22:05:40,765.0,774.44,771.11,780.0,770.56,751.11,176.11,181.11,189.44,185.0,167.22,185.0,-17.78,-17.78,-17.78,0,0,282,53,228,203,0,0,2388,6856,133
2022-09-14 22:05:46,765.0,775.56,768.33,779.44,768.33,751.11,175.56,181.11,189.44,185.0,167.22,185.0,-17.78,-17.78,-17.78,0,0,282,53,229,202,0,0,2381,6856,132
2022-09-14 22:05:52,762.78,772.78,767.78,781.67,768.33,749.44,175.56,180.56,188.89,185.0,167.22,185.0,-17.78,-17.78,-17.78,0,0,280,53,229,202,0,0,2369,6856,131
2022-09-14 22:05:58,763.33,771.67,769.44,781.11,767.78,750.56,175.56,180.56,188.89,185.0,167.22,184.44,-17.78,-17.78,-17.78,0,0,280,53,230,202,0,0,2372,6856,130
2022-09-14 22:06:04,761.67,773.89,769.44,781.11,767.22,750.56,175.56,180.56,188.89,184.44,167.22,184.44,-17.78,-17.78,-17.78,0,0,280,53,230,201,0,0,2377,6856,128
2022-09-14 22:06:10,761.11,772.22,769.44,778.89,768.89,748.33,175.56,180.56,188.89,184.44,167.22,184.44,-17.78,-17.78,-17.78,0,0,280,53,230,201,0,0,2367,6856,128
2022-09-14 22:06:16,764.44,775.0,770.0,780.56,769.44,751.11,175.56,180.56,188.89,184.44,167.22,184.44,-17.78,-17.78,-17.78,0,0,280,52,231,201,0,0,2377,6856,129
2022-09-14 22:06:22,763.33,773.33,768.89,781.67,767.78,749.44,175.56,180.56,188.89,184.44,167.22,184.44,-17.78,-17.78,-17.78,0,0,280,52,231,201,0,0,2373,6856,130
2022-09-14 22:06:28,765.0,775.56,768.33,779.44,767.78,748.89,175.56,180.56,188.89,185.0,167.22,184.44,-17.78,-17.78,-17.78,0,0,280,52,231,201,0,0,2377,6856,131
2022-09-14 22:06:34,764.44,775.56,770.0,779.44,767.78,750.56,175.56,180.0,188.89,185.0,167.22,184.44,-17.78,-17.78,-17.78,0,0,280,52,232,203,0,0,2391,6856,134
2022-09-14 22:06:40,765.56,776.11,768.33,779.44,767.78,750.0,175.56,180.0,189.44,185.0,167.22,185.0,-17.78,-17.78,-17.78,0,0,280,52,232,202,0,0,2386,6856,135
2022-09-14 22:06:46,763.33,776.67,768.33,781.11,769.44,751.67,175.56,180.0,189.44,185.56,167.22,185.0,-17.78,-17.78,-17.78,0,0,280,52,232,201,0,0,2377,6856,133
2022-09-14 22:06:52,765.0,775.56,767.78,781.11,768.33,751.67,175.56,180.0,189.44,185.56,167.78,185.0,-17.78,-17.78,-17.78,0,0,280,52,233,203,0,0,2379,6856,133
2022-09-14 22:06:58,762.78,774.44,767.78,781.11,767.22,750.0,175.56,180.0,189.44,185.56,167.78,185.0,-17.78,-17.78,-17.78,0,0,280,52,233,201,0,0,2379,6856,134
2022-09-14 22:07:04,762.78,776.11,767.78,781.67,768.89,748.89,175.56,180.0,189.44,185.56,167.78,185.0,-17.78,-17.78,-17.78,0,0,280,52,233,203,0,0,2373,6856,136
2022-09-14 22:07:10,765.0,774.44,770.56,781.67,770.56,751.11,175.56,180.0,188.89,185.56,167.78,185.0,-17.78,-17.78,-17.78,0,0,280,52,233,203,0,0,2390,6856,139
2022-09-14 22:07:16,762.78,776.67,770.56,782.22,768.89,751.11,175.56,180.0,188.89,185.56,167.78,185.0,-17.78,-17.78,-17.78,0,0,280,52,234,203,0,0,2386,6856,140
2022-09-14 22:07:22,763.89,775.56,771.11,779.44,768.89,750.0,175.56,179.44,188.89,185.56,167.22,184.44,-17.78,-17.78,-17.78,0,0,280,52,234,206,0,0,2392,6856,142
2022-09-14 22:07:28,763.33,773.89,767.78,778.89,767.78,748.33,175.56,179.44,188.89,184.44,166.67,184.44,-17.78,-17.78,-17.78,0,0,280,52,234,203,0,0,2378,6856,140
2022-09-14 22:07:34,762.78,773.33,767.78,778.89,768.89,749.44,175.0,179.44,188.33,184.44,166.67,184.44,-17.78,-17.78,-17.78,0,0,280,52,235,202,0,0,2378,6856,141
2022-09-14 22:07:40,763.89,775.56,770.56,781.67,770.0,751.11,175.0,180.56,188.33,184.44,166.67,184.44,-17.78,-17.78,-17.78,0,0,280,52,235,202,0,0,2398,6856,143
2022-09-14 22:07:46,764.44,776.11,770.56,778.89,768.33,750.0,175.0,180.56,188.33,183.89,166.11,183.89,-17.78,-17.78,-17.78,0,0,280,53,235,203,0,0,2401,6856,144
2022-09-14 22:07:52,764.44,773.89,768.89,780.0,767.78,747.78,175.0,180.56,187.78,183.89,166.11,183.89,-17.78,-17.78,-17.78,0,0,280,53,236,203,0,0,2385,6856,142
2022-09-14 22:07:58,765.56,775.56,770.56,781.11,767.78,749.44,174.44,180.0,187.78,183.89,166.11,183.89,-17.78,-17.78,-17.78,0,0,280,53,236,203,0,0,2389,6856,142
2022-09-14 22:08:04,763.33,773.89,768.33,778.89,767.78,748.33,174.44,180.0,187.78,183.33,166.11,183.33,-17.78,-17.78,-17.78,0,0,280,53,236,203,0,0,2381,6856,142
2022-09-14 22:08:10,761.67,773.33,767.78,781.11,767.22,750.0,174.44,179.44,187.22,183.33,165.56,183.33,-17.78,-17.78,-17.78,0,0,280,53,237,204,0,0,2383,6856,143
2022-09-14 22:08:16,763.89,774.44,770.0,781.11,768.89,748.89,173.89,178.89,187.22,182.78,165.56,183.33,-17.78,-17.78,-17.78,0,0,280,54,237,203,0,0,2399,6856,143
2022-09-14 22:08:22,763.33,776.11,770.0,780.0,767.22,747.78,173.89,178.89,187.22,182.78,165.56,182.78,-17.78,-17.78,-17.78,0,0,280,54,237,202,0,0,2385,6856,142
2022-09-14 22:08:28,764.44,773.33,768.33,781.11,768.89,749.44,173.89,178.33,186.67,182.78,165.0,182.78,-17.78,-17.78,-17.78,0,0,280,54,238,204,0,0,2386,6856,142
2022-09-14 22:08:34,764.44,773.33,770.0,780.0,767.22,750.56,173.33,178.33,186.67,182.78,165.0,182.22,-17.78,-17.78,-17.78,0,0,280,54,238,203,0,0,2398,6856,143
2022-09-14 22:08:40,765.56,775.56,771.11,780.56,768.89,750.56,173.33,177.78,186.67,182.22,165.0,182.22,-17.78,-17.78,-17.78,0,0,280,54,238,203,0,0,2396,6856,145
2022-09-14 22:08:46,763.33,774.44,769.44,780.0,767.78,748.89,173.33,177.78,186.67,182.22,165.0,182.22,-17.78,-17.78,-17.78,0,0,280,55,239,205,0,0,2393,6856,145
2022-09-14 22:08:52,766.11,776.67,771.11,782.78,770.0,751.67,174.44,178.89,187.22,183.33,165.56,183.33,-17.78,-17.78,-17.78,0,0,280,56,239,201,0,0,2391,6856,144
2022-09-14 22:08:58,762.78,775.0,768.89,779.44,768.33,749.44,174.44,178.89,187.78,183.33,165.56,183.33,-17.78,-17.78,-17.78,0,0,280,57,240,203,0,0,2374,6856,143
2022-09-14 22:09:04,766.11,776.67,770.56,782.22,770.0,751.67,174.44,178.89,187.78,183.33,165.56,182.78,-17.78,-17.78,-17.78,0,0,280,57,240,204,0,0,2387,6856,146
2022-09-14 22:09:10,765.56,777.78,771.67,780.0,770.56,751.67,173.89,177.78,187.22,182.78,165.0,182.78,-17.78,-17.78,-17.78,0,0,280,57,240,202,0,0,2388,6856,148
2022-09-14 22:09:16,765.0,774.44,768.89,779.44,770.56,748.33,173.89,177.78,186.67,182.22,165.0,182.78,-17.78,-17.78,-17.78,0,0,280,58,241,202,0,0,2377,6856,144
2022-09-14 22:09:22,765.56,773.89,770.0,779.44,770.0,748.89,173.33,177.22,186.67,182.22,165.0,182.22,-17.78,-17.78,-17.78,0,0,280,58,241,203,0,0,2375,6856,144
2022-09-14 22:09:28,765.56,776.11,770.56,780.0,770.56,751.11,173.33,177.22,186.67,182.22,164.44,182.22,-17.78,-17.78,-17.78,0,0,280,58,241,201,0,0,2384,6856,146
2022-09-14 22:09:34,763.33,774.44,768.89,780.0,770.56,751.11,173.33,176.67,186.11,182.22,164.44,181.67,-17.78,-17.78,-17.78,0,0,280,58,242,204,0,0,2393,6856,148
2022-09-14 22:09:40,763.33,777.22,771.11,782.78,769.44,751.67,173.33,176.67,186.11,181.67,163.89,181.67,-17.78,-17.78,-17.78,0,0,280,59,242,204,0,0,2399,6856,147
2022-09-14 22:09:46,765.0,774.44,771.11,780.56,769.44,750.0,173.33,176.11,186.11,181.67,163.89,181.67,-17.78,-17.78,-17.78,0,0,281,59,242,203,0,0,2397,6856,146
2022-09-14 22:09:52,760.0,770.0,765.0,776.67,765.0,746.11,172.78,176.11,186.11,181.67,163.89,181.67,-17.78,-17.78,-17.78,0,0,281,59,243,186,0,0,2352,6856,148
2022-09-14 22:09:58,747.78,758.89,748.89,765.0,750.56,734.44,172.22,175.56,185.56,181.11,163.89,180.56,-17.78,-17.78,-17.78,0,0,281,59,243,177,0,0,2361,6856,146
2022-09-14 22:10:04,745.0,757.22,744.44,761.11,746.67,732.22,171.11,175.0,184.44,180.56,163.33,180.0,-17.78,-17.78,-17.78,0,0,281,59,243,178,0,0,2385,6856,144
2022-09-14 22:10:10,743.89,757.78,743.33,759.44,746.11,732.22,170.56,174.44,183.89,180.0,162.78,178.33,-17.78,-12.22,-17.78,0,0,281,59,244,178,0,0,2379,6856,142
2022-09-14 22:10:16,741.67,753.89,740.0,758.33,743.89,731.67,169.44,174.44,183.33,179.44,162.22,177.78,-17.78,-11.11,-17.78,0,0,281,60,244,178,0,0,2361,6856,140
2022-09-14 22:10:22,742.78,753.33,740.0,757.78,742.78,731.67,168.89,173.89,182.22,178.89,161.67,176.67,-17.78,-10.56,-17.78,0,0,281,60,244,178,0,0,2383,6856,140
2022-09-14 22:10:28,737.78,749.44,736.11,753.33,738.33,726.11,168.33,173.33,181.67,178.33,161.11,176.11,-17.78,-10.0,-17.78,0,0,281,60,244,163,0,0,2362,6856,140
2022-09-14 22:10:34,734.44,744.44,731.67,746.67,735.56,721.67,167.22,172.22,180.56,177.22,160.56,175.0,-17.78,-9.44,-17.78,0,0,281,60,245,160,0,0,2382,6856,141
2022-09-14 22:10:40,724.44,735.0,722.78,734.44,731.67,711.67,165.56,171.11,179.44,176.11,160.0,173.33,-17.78,-8.33,-17.78,0,0,281,61,245,143,0,0,2360,6856,139
2022-09-14 22:10:46,715.0,725.0,712.22,725.0,726.11,702.78,163.89,169.44,178.33,173.89,158.89,171.67,-17.78,-6.11,-17.78,0,0,281,61,245,137,0,0,2372,6856,136
2022-09-14 22:10:52,712.22,720.56,708.89,721.11,723.89,699.44,162.22,167.78,177.22,172.22,157.78,169.44,-17.78,-3.33,-17.78,0,0,281,61,245,139,0,0,2353,6856,130
2022-09-14 22:10:58,708.33,713.89,702.22,715.0,720.0,695.56,161.11,166.11,175.56,170.0,156.67,167.78,-17.78,-2.78,-17.78,0,0,281,61,246,129,0,0,2367,6856,123
2022-09-14 22:11:04,708.89,710.0,697.78,714.44,720.0,695.56,159.44,164.44,174.44,168.33,156.11,166.11,-17.78,-1.67,-17.78,0,0,281,62,246,105,0,0,2337,6856,121
2022-09-14 22:11:10,704.44,706.11,693.89,710.56,717.22,694.44,157.78,162.22,172.78,166.11,155.0,163.89,-17.78,-0.56,-17.78,0,0,281,62,246,105,0,0,2308,6856,117
2022-09-14 22:11:16,703.33,703.89,690.0,710.0,715.56,693.89,156.11,160.56,171.67,164.44,153.89,162.22,-17.78,0.0,-17.78,0,0,281,62,246,105,0,0,2341,6856,115
2022-09-14 22:11:22,708.89,707.78,693.33,715.0,719.44,700.56,154.44,158.89,170.56,162.78,153.33,161.11,-17.78,-0.56,-17.78,0,0,281,62,246,92,0,0,2300,6856,116
2022-09-14 22:11:28,715.56,714.44,696.67,719.44,724.44,708.33,152.78,157.22,168.89,161.11,152.22,160.0,-17.78,-0.56,-17.78,0,0,281,62,246,88,0,0,2305,6856,115
2022-09-14 22:11:34,718.33,712.78,699.44,719.44,726.67,708.89,151.11,155.56,167.78,160.0,150.56,158.33,-17.78,-0.56,-17.78,0,0,281,63,247,87,0,0,2280,6856,116
2022-09-14 22:11:40,717.78,715.56,699.44,720.56,728.33,711.11,150.0,153.89,166.11,158.33,150.0,156.67,-17.78,-0.56,-17.78,0,0,281,63,247,87,0,0,2269,6856,117
2022-09-14 22:11:46,717.22,714.44,700.0,721.67,727.78,709.44,148.33,152.22,165.0,157.22,148.33,155.0,-17.78,-0.56,-17.78,0,0,281,64,247,87,0,0,2257,6857,116
2022-09-14 22:11:52,716.67,714.44,698.33,722.78,730.0,711.11,147.22,150.56,163.89,156.11,147.78,153.89,-17.78,-1.11,-17.78,0,0,281,64,247,87,0,0,2235,6857,115
2022-09-14 22:11:58,716.11,712.22,698.89,720.56,726.11,708.33,146.11,149.44,162.22,155.0,146.67,152.78,-17.78,-1.67,-17.78,0,0,279,65,247,87,0,0,2223,6857,114
2022-09-14 22:12:04,721.67,714.44,702.22,723.89,728.89,712.78,145.0,147.78,161.67,154.44,145.56,151.67,-17.78,-2.22,-17.78,0,0,281,65,247,78,0,0,2173,6857,111
2022-09-14 22:12:10,718.89,710.56,699.44,718.89,722.78,710.56,143.89,146.67,160.56,153.89,144.44,150.56,-17.78,-2.78,-17.78,0,0,281,65,247,78,0,0,2054,6857,103
2022-09-14 22:12:16,713.33,705.56,696.11,710.0,718.89,705.0,142.78,145.56,159.44,153.33,143.89,149.44,-17.78,-3.89,-17.78,0,0,281,66,247,78,0,0,2011,6857,96
2022-09-14 22:12:22,711.11,701.67,693.33,705.0,716.67,699.44,142.22,144.44,158.33,152.78,143.33,148.89,-17.78,-5.0,-17.78,0,0,281,66,248,78,0,0,1998,6857,94
2022-09-14 22:12:28,712.78,703.33,692.78,707.78,718.89,699.44,141.67,143.89,157.78,152.78,143.33,148.33,-17.78,-6.67,-17.78,0,0,281,66,248,78,0,0,1988,6857,92
2022-09-14 22:12:34,706.67,700.56,689.44,703.89,713.89,693.89,141.11,143.89,157.22,152.22,143.33,147.78,-17.78,-8.33,-17.78,0,0,281,67,248,78,0,0,1912,6857,84
2022-09-14 22:12:40,703.89,701.67,687.22,705.0,712.78,691.67,141.11,143.33,157.22,152.22,143.33,147.78,-17.78,-10.0,-17.78,0,0,281,67,248,77,0,0,1898,6857,80
2022-09-14 22:12:46,695.0,693.89,678.89,700.0,700.0,685.56,140.56,142.78,157.78,152.22,143.33,147.22,-17.78,-11.11,-17.78,0,0,281,67,248,68,0,0,1795,6857,78
2022-09-14 22:12:52,698.33,695.0,678.89,702.78,702.78,690.56,140.56,142.78,157.78,152.22,143.33,147.22,-17.78,-12.22,-17.78,0,0,281,67,248,75,0,0,1873,6857,74
2022-09-14 22:12:58,703.33,700.0,689.44,704.44,712.22,693.33,140.0,142.22,157.78,152.22,143.89,146.67,-17.78,-17.78,-17.78,0,0,281,68,248,87,0,0,1931,6857,72
2022-09-14 22:13:04,696.67,694.44,683.33,701.11,705.0,688.33,140.56,142.22,157.78,152.78,143.89,147.78,-17.78,-17.78,-17.78,0,0,281,68,248,74,0,0,1809,6857,70
2022-09-14 22:13:10,690.56,687.78,673.89,697.22,693.33,680.56,141.11,142.22,157.78,152.78,144.44,147.78,-17.78,-17.78,-17.78,0,0,281,68,249,68,0,0,1711,6857,66
2022-09-14 22:13:16,670.0,668.33,653.89,674.44,668.33,667.22,141.11,142.22,158.33,152.78,144.44,147.22,-17.78,-17.78,-17.78,0,0,281,68,249,46,0,0,1314,6857,61
2022-09-14 22:13:22,596.67,613.33,596.11,621.67,547.78,596.67,139.44,141.11,156.67,151.67,145.0,145.56,-17.78,-17.78,-17.78,0,0,281,69,249,13,0,0,811,6857,48
2022-09-14 22:13:28,565.56,590.0,552.22,597.22,518.89,567.78,138.33,140.0,155.56,150.56,145.0,144.44,-17.78,-11.11,-17.78,0,0,281,69,249,12,0,0,758,6857,35
2022-09-14 22:13:34,540.56,582.78,528.89,582.22,514.44,559.44,137.78,139.44,155.0,150.0,145.0,143.89,-17.78,-10.56,-17.78,0,0,281,69,249,12,0,0,740,6857,30
2022-09-14 22:13:40,524.44,566.67,513.33,571.67,498.89,551.11,137.22,139.44,154.44,149.44,145.0,143.33,-17.78,-10.56,-17.78,0,0,281,69,249,11,0,0,736,6857,26
2022-09-14 22:13:46,512.78,551.67,502.22,566.67,491.67,540.0,136.11,139.44,154.44,148.89,144.44,142.78,-17.78,-11.67,-17.78,0,0,281,70,249,11,0,0,716,6857,23
2022-09-14 22:13:52,505.0,557.22,494.44,562.78,481.67,542.22,135.56,138.89,154.44,148.89,144.44,142.22,-17.78,-11.67,-17.78,0,0,281,70,249,11,0,0,719,6857,20
2022-09-14 22:13:58,500.0,535.0,497.22,568.89,476.67,542.22,135.56,138.89,153.89,148.33,143.89,142.22,-17.78,-12.22,-17.78,0,0,281,70,249,11,0,0,725,6857,13
2022-09-14 22:14:04,505.56,565.0,502.78,577.22,477.78,561.11,135.0,138.89,153.89,148.33,143.89,141.67,-17.78,-12.22,-17.78,0,0,282,70,249,12,0,0,749,6857,11
2022-09-14 22:14:10,508.33,561.67,502.22,574.44,475.0,567.22,134.44,138.89,153.89,148.33,143.89,141.67,-17.78,-17.78,-17.78,0,0,280,70,249,12,0,0,730,6857,9
2022-09-14 22:14:16,510.0,565.56,500.0,580.0,470.0,545.0,134.44,138.89,153.89,148.33,143.33,141.67,-17.78,-17.78,-17.78,0,0,282,70,249,11,0,0,742,6857,8
2022-09-14 22:14:22,498.89,570.56,495.0,577.78,473.89,551.11,133.89,139.44,153.89,148.33,143.33,141.67,-17.78,-17.78,-17.78,0,0,282,70,249,11,0,0,726,6857,10
2022-09-14 22:14:28,502.22,563.33,496.11,580.0,472.78,548.33,133.89,139.44,154.44,148.89,143.33,141.67,-17.78,-17.78,-17.78,0,0,282,70,249,12,0,0,758,6857,12
2022-09-14 22:14:34,502.78,562.78,494.44,574.44,469.44,553.89,133.89,140.0,154.44,148.89,143.33,141.67,-17.78,-17.78,-17.78,0,0,282,70,249,12,0,0,754,6857,13
2022-09-14 22:14:40,483.89,569.44,491.11,582.22,467.78,553.89,133.33,140.0,154.44,148.89,143.33,141.67,-17.78,-17.78,-17.78,0,0,282,70,249,12,0,0,722,6857,15
2022-09-14 22:14:46,491.11,571.67,488.33,577.22,463.89,547.22,133.33,140.56,154.44,148.89,143.33,141.67,-17.78,-17.78,-17.78,0,0,282,70,249,12,0,0,748,6857,14
2022-09-14 22:14:52,496.11,555.56,487.22,578.33,465.56,539.44,132.78,141.11,154.44,149.44,143.33,141.67,-17.78,-17.78,-17.78,0,0,282,71,249,12,0,0,739,6857,12
2022-09-14 22:14:58,501.11,556.11,487.22,576.67,466.67,527.78,132.78,141.11,155.0,149.44,142.78,141.67,-17.78,-17.78,-17.78,0,0,282,71,249,12,0,0,746,6857,11
2022-09-14 22:15:04,479.44,560.0,486.11,573.33,465.56,539.44,132.78,141.67,155.0,149.44,142.78,141.67,-17.78,-17.78,-17.78,0,0,280,71,249,12,0,0,725,6857,8
2022-09-14 22:15:10,487.22,548.33,483.33,574.44,465.56,530.56,132.22,142.22,155.0,149.44,142.78,141.67,-17.78,-17.78,-17.78,0,0,280,71,249,12,0,0,734,6857,8
2022-09-14 22:15:16,486.67,553.33,479.44,574.44,461.67,528.33,132.22,142.22,155.0,149.44,142.78,141.67,-17.78,-17.78,-17.78,0,0,282,71,249,12,0,0,746,6857,9
2022-09-14 22:15:22,490.0,530.0,478.33,567.78,463.33,535.56,131.67,142.78,155.0,149.44,142.22,141.67,-17.78,-17.78,-17.78,0,0,282,71,249,12,0,0,746,6857,10
2022-09-14 22:15:28,495.0,541.11,480.0,567.78,465.56,535.56,131.67,142.78,155.0,149.44,141.67,141.11,-17.78,-17.78,-17.78,0,0,282,71,249,12,0,0,750,6857,10
2022-09-14 22:15:34,481.67,538.89,477.22,567.78,460.0,518.89,131.11,142.78,155.0,149.44,141.67,141.11,-17.78,-17.78,-17.78,0,0,282,71,249,12,0,0,746,6857,8
2022-09-14 22:15:40,491.11,533.89,476.67,565.0,460.0,515.0,130.56,142.78,155.0,149.44,141.11,141.11,-17.78,-17.78,-17.78,0,0,282,71,249,13,0,0,755,6857,10
2022-09-14 22:15:46,483.89,532.78,470.56,563.33,458.33,501.67,130.56,143.33,155.0,150.0,141.11,141.11,-17.78,-17.78,-17.78,0,0,282,71,250,12,0,0,742,6857,11
2022-09-14 22:15:52,488.33,532.22,472.22,558.33,457.78,516.11,130.0,143.33,155.0,150.0,141.11,140.56,-17.78,-17.78,-17.78,0,0,282,71,250,12,0,0,753,6857,11
2022-09-14 22:15:58,493.89,522.78,472.22,557.78,462.22,521.67,130.0,143.33,155.0,150.0,140.56,140.56,-17.78,-17.78,-17.78,0,0,282,71,250,12,0,0,744,6857,12
2022-09-14 22:16:04,484.44,526.67,468.89,556.11,462.22,520.0,129.44,143.89,155.0,150.0,140.56,140.56,-17.78,-17.78,-17.78,0,0,282,71,250,12,0,0,754,6857,12
2022-09-14 22:16:10,491.11,523.33,467.22,555.0,464.44,529.44,129.44,143.89,155.0,150.0,140.0,140.56,-17.78,-17.78,-17.78,0,0,282,71,250,12,0,0,751,6857,12
2022-09-14 22:16:16,465.56,517.78,467.78,552.78,459.44,521.11,129.44,143.89,154.44,150.0,140.0,140.56,-17.78,-17.78,-17.78,0,0,282,71,250,13,0,0,741,6857,8
2022-09-14 22:16:22,501.11,537.78,487.78,555.56,486.11,532.78,128.89,143.89,154.44,150.0,139.44,140.0,-17.78,-17.78,-17.78,0,0,282,71,250,38,0,0,1052,6857,3
2022-09-14 22:16:28,547.78,555.0,524.44,576.67,527.78,565.56,128.89,144.44,154.44,150.0,138.89,140.0,-17.78,-17.78,-17.78,0,0,282,71,250,37,0,0,1025,6857,1
2022-09-14 22:16:34,546.67,550.56,537.22,580.0,537.22,563.33,128.89,144.44,153.89,150.0,138.33,140.0,-17.78,-17.78,-17.78,0,0,282,71,250,34,0,0,941,6857,0
2022-09-14 22:16:40,539.44,538.33,531.67,565.0,529.44,545.56,128.33,143.89,152.78,148.89,137.78,139.44,-17.78,-17.78,-17.78,0,0,282,71,250,23,0,0,814,6857,0
2022-09-14 22:16:46,534.44,527.78,519.44,553.33,518.89,550.0,127.78,143.33,152.22,148.33,137.78,138.33,-17.78,-17.78,-17.78,0,0,282,71,250,23,0,0,810,6857,0
2022-09-14 22:16:52,534.44,521.67,514.44,548.33,505.0,564.44,127.22,142.78,151.67,148.33,137.22,137.78,-17.78,-17.78,-17.78,0,0,282,71,250,23,0,0,815,6857,0
2022-09-14 22:16:58,537.22,522.22,510.56,545.0,489.44,568.89,126.67,142.78,151.11,148.33,136.67,137.22,-17.78,-17.78,-17.78,0,0,282,71,250,24,0,0,807,6857,0
2022-09-14 22:17:04,521.11,511.67,500.0,537.78,469.44,559.44,126.67,142.22,150.56,147.78,136.11,136.67,-17.78,-17.78,-17.78,0,0,282,71,250,22,0,0,746,6857,0
2022-09-14 22:17:10,512.78,507.22,496.11,535.56,462.22,552.22,126.67,142.22,150.56,147.78,136.11,136.67,-17.78,-17.78,-17.78,0,0,282,71,250,21,0,0,729,6857,0
